"train/global_step","youthful-dragon-4 - train/loss","youthful-dragon-4 - train/loss__MIN","youthful-dragon-4 - train/loss__MAX","youthful-dragon-4 - _step","youthful-dragon-4 - _step__MIN","youthful-dragon-4 - _step__MAX"
"1","2.0338","2.0338","2.0338","0","0","0"
"2","1.9056","1.9056","1.9056","1","1","1"
"3","2.0559","2.0559","2.0559","2","2","2"
"4","1.947","1.947","1.947","3","3","3"
"5","1.9753","1.9753","1.9753","4","4","4"
"6","1.49","1.49","1.49","5","5","5"
"7","1.6311","1.6311","1.6311","6","6","6"
"8","2.0408","2.0408","2.0408","7","7","7"
"9","1.6214","1.6214","1.6214","8","8","8"
"10","1.4007","1.4007","1.4007","9","9","9"
"11","1.3408","1.3408","1.3408","10","10","10"
"12","1.1769","1.1769","1.1769","11","11","11"
"13","0.9211","0.9211","0.9211","12","12","12"
"14","0.9299","0.9299","0.9299","13","13","13"
"15","0.7796","0.7796","0.7796","14","14","14"
"16","0.685","0.685","0.685","15","15","15"
"17","0.5529","0.5529","0.5529","16","16","16"
"18","0.5438","0.5438","0.5438","17","17","17"
"19","0.417","0.417","0.417","18","18","18"
"20","0.4388","0.4388","0.4388","19","19","19"
"21","0.2918","0.2918","0.2918","20","20","20"
"22","0.3671","0.3671","0.3671","21","21","21"
"23","0.5476","0.5476","0.5476","22","22","22"
"24","0.3308","0.3308","0.3308","23","23","23"
"25","0.2604","0.2604","0.2604","24","24","24"
"26","0.3441","0.3441","0.3441","25","25","25"
"27","0.3417","0.3417","0.3417","26","26","26"
"28","0.253","0.253","0.253","27","27","27"
"29","0.3003","0.3003","0.3003","28","28","28"
"30","0.2996","0.2996","0.2996","29","29","29"
"31","0.2562","0.2562","0.2562","30","30","30"
"32","0.2446","0.2446","0.2446","31","31","31"
"33","0.216","0.216","0.216","32","32","32"
"34","0.3959","0.3959","0.3959","33","33","33"
"35","0.2281","0.2281","0.2281","34","34","34"
"36","0.2386","0.2386","0.2386","35","35","35"
"37","0.211","0.211","0.211","36","36","36"
"38","0.2555","0.2555","0.2555","37","37","37"
"39","0.1933","0.1933","0.1933","38","38","38"
"40","0.2791","0.2791","0.2791","39","39","39"
"41","0.2173","0.2173","0.2173","40","40","40"
"42","0.2657","0.2657","0.2657","41","41","41"
"43","0.2133","0.2133","0.2133","42","42","42"
"44","0.1982","0.1982","0.1982","43","43","43"
"45","0.2364","0.2364","0.2364","44","44","44"
"46","0.2155","0.2155","0.2155","45","45","45"
"47","0.2491","0.2491","0.2491","46","46","46"
"48","0.164","0.164","0.164","47","47","47"
"49","0.1784","0.1784","0.1784","48","48","48"
"50","0.2144","0.2144","0.2144","49","49","49"
"51","0.1556","0.1556","0.1556","50","50","50"
"52","0.2047","0.2047","0.2047","51","51","51"
"53","0.3314","0.3314","0.3314","52","52","52"
"54","0.2451","0.2451","0.2451","53","53","53"
"55","0.2805","0.2805","0.2805","54","54","54"
"56","0.2185","0.2185","0.2185","55","55","55"
"57","0.2623","0.2623","0.2623","56","56","56"
"58","0.1921","0.1921","0.1921","57","57","57"
"59","0.211","0.211","0.211","58","58","58"
"60","0.2406","0.2406","0.2406","59","59","59"
"61","0.2272","0.2272","0.2272","60","60","60"
"62","0.1545","0.1545","0.1545","61","61","61"
"63","0.1905","0.1905","0.1905","62","62","62"
"64","0.2174","0.2174","0.2174","63","63","63"
"65","0.1929","0.1929","0.1929","64","64","64"
"66","0.3373","0.3373","0.3373","65","65","65"
"67","0.1853","0.1853","0.1853","66","66","66"
"68","0.1827","0.1827","0.1827","67","67","67"
"69","0.1828","0.1828","0.1828","68","68","68"
"70","0.2059","0.2059","0.2059","69","69","69"
"71","0.1708","0.1708","0.1708","70","70","70"
"72","0.2472","0.2472","0.2472","71","71","71"
"73","0.1511","0.1511","0.1511","72","72","72"
"74","0.2187","0.2187","0.2187","73","73","73"
"75","0.2624","0.2624","0.2624","74","74","74"
"76","0.2394","0.2394","0.2394","75","75","75"
"77","0.2008","0.2008","0.2008","76","76","76"
"78","0.2189","0.2189","0.2189","77","77","77"
"79","0.1084","0.1084","0.1084","78","78","78"
"80","0.1534","0.1534","0.1534","79","79","79"
"81","0.1605","0.1605","0.1605","80","80","80"
"82","0.1781","0.1781","0.1781","81","81","81"
"83","0.1964","0.1964","0.1964","82","82","82"
"84","0.1856","0.1856","0.1856","83","83","83"
"85","0.1362","0.1362","0.1362","84","84","84"
"86","0.2019","0.2019","0.2019","85","85","85"
"87","0.2324","0.2324","0.2324","86","86","86"
"88","0.2363","0.2363","0.2363","87","87","87"
"89","0.1838","0.1838","0.1838","88","88","88"
"90","0.1661","0.1661","0.1661","89","89","89"
"91","0.1656","0.1656","0.1656","90","90","90"
"92","0.1518","0.1518","0.1518","91","91","91"
"93","0.0986","0.0986","0.0986","92","92","92"
"94","0.1552","0.1552","0.1552","93","93","93"
"95","0.179","0.179","0.179","94","94","94"
"96","0.1967","0.1967","0.1967","95","95","95"
"97","0.1574","0.1574","0.1574","96","96","96"
"98","0.2199","0.2199","0.2199","97","97","97"
"99","0.2225","0.2225","0.2225","98","98","98"
"100","0.2208","0.2208","0.2208","99","99","99"
"101","0.1803","0.1803","0.1803","100","100","100"
"102","0.2376","0.2376","0.2376","101","101","101"
"103","0.1428","0.1428","0.1428","102","102","102"
"104","0.1802","0.1802","0.1802","103","103","103"
"105","0.2064","0.2064","0.2064","104","104","104"
"106","0.2339","0.2339","0.2339","105","105","105"
"107","0.185","0.185","0.185","106","106","106"
"108","0.174","0.174","0.174","107","107","107"
"109","0.206","0.206","0.206","108","108","108"
"110","0.1623","0.1623","0.1623","109","109","109"
"111","0.1754","0.1754","0.1754","110","110","110"
"112","0.1895","0.1895","0.1895","111","111","111"
"113","0.1599","0.1599","0.1599","112","112","112"
"114","0.149","0.149","0.149","113","113","113"
"115","0.2238","0.2238","0.2238","114","114","114"
"116","0.1861","0.1861","0.1861","115","115","115"
"117","0.1361","0.1361","0.1361","116","116","116"
"118","0.1922","0.1922","0.1922","117","117","117"
"119","0.1787","0.1787","0.1787","118","118","118"
"120","0.2124","0.2124","0.2124","119","119","119"
"121","0.1259","0.1259","0.1259","120","120","120"
"122","0.1533","0.1533","0.1533","121","121","121"
"123","0.1576","0.1576","0.1576","122","122","122"
"124","0.269","0.269","0.269","123","123","123"
"125","0.1324","0.1324","0.1324","124","124","124"
"126","0.2012","0.2012","0.2012","125","125","125"
"127","0.2603","0.2603","0.2603","126","126","126"
"128","0.1778","0.1778","0.1778","127","127","127"
"129","0.2002","0.2002","0.2002","128","128","128"
"130","0.2027","0.2027","0.2027","129","129","129"
"131","0.1535","0.1535","0.1535","130","130","130"
"132","0.1449","0.1449","0.1449","131","131","131"
"133","0.1877","0.1877","0.1877","132","132","132"
"134","0.1377","0.1377","0.1377","133","133","133"
"135","0.1787","0.1787","0.1787","134","134","134"
"136","0.2402","0.2402","0.2402","135","135","135"
"137","0.1577","0.1577","0.1577","136","136","136"
"138","0.1111","0.1111","0.1111","137","137","137"
"139","0.2634","0.2634","0.2634","138","138","138"
"140","0.1511","0.1511","0.1511","139","139","139"
"141","0.0986","0.0986","0.0986","140","140","140"
"142","0.1315","0.1315","0.1315","141","141","141"
"143","0.2373","0.2373","0.2373","142","142","142"
"144","0.1985","0.1985","0.1985","143","143","143"
"145","0.1674","0.1674","0.1674","144","144","144"
"146","0.1657","0.1657","0.1657","145","145","145"
"147","0.2298","0.2298","0.2298","146","146","146"
"148","0.1744","0.1744","0.1744","147","147","147"
"149","0.2052","0.2052","0.2052","148","148","148"
"150","0.1866","0.1866","0.1866","149","149","149"
"151","0.1954","0.1954","0.1954","150","150","150"
"152","0.119","0.119","0.119","151","151","151"
"153","0.1209","0.1209","0.1209","152","152","152"
"154","0.129","0.129","0.129","153","153","153"
"155","0.1364","0.1364","0.1364","154","154","154"
"156","0.1327","0.1327","0.1327","155","155","155"
"157","0.1084","0.1084","0.1084","156","156","156"
"158","0.1389","0.1389","0.1389","157","157","157"
"159","0.1698","0.1698","0.1698","158","158","158"
"160","0.1673","0.1673","0.1673","159","159","159"
"161","0.1387","0.1387","0.1387","160","160","160"
"162","0.2281","0.2281","0.2281","161","161","161"
"163","0.2295","0.2295","0.2295","162","162","162"
"164","0.14","0.14","0.14","163","163","163"
"165","0.1427","0.1427","0.1427","164","164","164"
"166","0.1363","0.1363","0.1363","165","165","165"
"167","0.176","0.176","0.176","166","166","166"
"168","0.1185","0.1185","0.1185","167","167","167"
"169","0.149","0.149","0.149","168","168","168"
"170","0.1423","0.1423","0.1423","169","169","169"
"171","0.194","0.194","0.194","170","170","170"
"172","0.2681","0.2681","0.2681","171","171","171"
"173","0.1191","0.1191","0.1191","172","172","172"
"174","0.2273","0.2273","0.2273","173","173","173"
"175","0.1965","0.1965","0.1965","174","174","174"
"176","0.1889","0.1889","0.1889","175","175","175"
"177","0.1473","0.1473","0.1473","176","176","176"
"178","0.1482","0.1482","0.1482","177","177","177"
"179","0.1455","0.1455","0.1455","178","178","178"
"180","0.1615","0.1615","0.1615","179","179","179"
"181","0.1096","0.1096","0.1096","180","180","180"
"182","0.1774","0.1774","0.1774","181","181","181"
"183","0.1285","0.1285","0.1285","182","182","182"
"184","0.1832","0.1832","0.1832","183","183","183"
"185","0.1184","0.1184","0.1184","184","184","184"
"186","0.1222","0.1222","0.1222","185","185","185"
"187","0.1869","0.1869","0.1869","186","186","186"
"188","0.1223","0.1223","0.1223","187","187","187"
"189","0.1262","0.1262","0.1262","188","188","188"
"190","0.1484","0.1484","0.1484","189","189","189"
"191","0.1471","0.1471","0.1471","190","190","190"
"192","0.0994","0.0994","0.0994","191","191","191"
"193","0.1292","0.1292","0.1292","192","192","192"
"194","0.1591","0.1591","0.1591","193","193","193"
"195","0.1409","0.1409","0.1409","194","194","194"
"196","0.0882","0.0882","0.0882","195","195","195"
"197","0.128","0.128","0.128","196","196","196"
"198","0.2574","0.2574","0.2574","197","197","197"
"199","0.1191","0.1191","0.1191","198","198","198"
"200","0.1496","0.1496","0.1496","199","199","199"
"201","0.2009","0.2009","0.2009","200","200","200"
"202","0.1738","0.1738","0.1738","201","201","201"
"203","0.1712","0.1712","0.1712","202","202","202"
"204","0.2071","0.2071","0.2071","203","203","203"
"205","0.1211","0.1211","0.1211","204","204","204"
"206","0.1089","0.1089","0.1089","205","205","205"
"207","0.1237","0.1237","0.1237","206","206","206"
"208","0.1213","0.1213","0.1213","207","207","207"
"209","0.1159","0.1159","0.1159","208","208","208"
"210","0.1744","0.1744","0.1744","209","209","209"
"211","0.1528","0.1528","0.1528","210","210","210"
"212","0.2121","0.2121","0.2121","211","211","211"
"213","0.1399","0.1399","0.1399","212","212","212"
"214","0.1856","0.1856","0.1856","213","213","213"
"215","0.1259","0.1259","0.1259","214","214","214"
"216","0.2057","0.2057","0.2057","215","215","215"
"217","0.1855","0.1855","0.1855","216","216","216"
"218","0.1678","0.1678","0.1678","217","217","217"
"219","0.2457","0.2457","0.2457","218","218","218"
"220","0.144","0.144","0.144","219","219","219"
"221","0.1693","0.1693","0.1693","220","220","220"
"222","0.1839","0.1839","0.1839","221","221","221"
"223","0.1342","0.1342","0.1342","222","222","222"
"224","0.1918","0.1918","0.1918","223","223","223"
"225","0.2064","0.2064","0.2064","224","224","224"
"226","0.1343","0.1343","0.1343","225","225","225"
"227","0.132","0.132","0.132","226","226","226"
"228","0.1868","0.1868","0.1868","227","227","227"
"229","0.1072","0.1072","0.1072","228","228","228"
"230","0.0963","0.0963","0.0963","229","229","229"
"231","0.1496","0.1496","0.1496","230","230","230"
"232","0.1057","0.1057","0.1057","231","231","231"
"233","0.1629","0.1629","0.1629","232","232","232"
"234","0.1597","0.1597","0.1597","233","233","233"
"235","0.1571","0.1571","0.1571","234","234","234"
"236","0.1585","0.1585","0.1585","235","235","235"
"237","0.1451","0.1451","0.1451","236","236","236"
"238","0.1553","0.1553","0.1553","237","237","237"
"239","0.1623","0.1623","0.1623","238","238","238"
"240","0.1391","0.1391","0.1391","239","239","239"
"241","0.1459","0.1459","0.1459","240","240","240"
"242","0.1203","0.1203","0.1203","241","241","241"
"243","0.12","0.12","0.12","242","242","242"
"244","0.2253","0.2253","0.2253","243","243","243"
"245","0.1219","0.1219","0.1219","244","244","244"
"246","0.2094","0.2094","0.2094","245","245","245"
"247","0.1535","0.1535","0.1535","246","246","246"
"248","0.1431","0.1431","0.1431","247","247","247"
"249","0.1811","0.1811","0.1811","248","248","248"
"250","0.2692","0.2692","0.2692","249","249","249"
"251","0.1238","0.1238","0.1238","250","250","250"
"252","0.1412","0.1412","0.1412","251","251","251"
"253","0.1494","0.1494","0.1494","252","252","252"
"254","0.1178","0.1178","0.1178","253","253","253"
"255","0.1039","0.1039","0.1039","254","254","254"
"256","0.1226","0.1226","0.1226","255","255","255"
"257","0.1014","0.1014","0.1014","256","256","256"
"258","0.151","0.151","0.151","257","257","257"
"259","0.1558","0.1558","0.1558","258","258","258"
"260","0.1739","0.1739","0.1739","259","259","259"
"261","0.1522","0.1522","0.1522","260","260","260"
"262","0.1696","0.1696","0.1696","261","261","261"
"263","0.0999","0.0999","0.0999","262","262","262"
"264","0.1712","0.1712","0.1712","263","263","263"
"265","0.163","0.163","0.163","264","264","264"
"266","0.2124","0.2124","0.2124","265","265","265"
"267","0.1522","0.1522","0.1522","266","266","266"
"268","0.1349","0.1349","0.1349","267","267","267"
"269","0.1203","0.1203","0.1203","268","268","268"
"270","0.1014","0.1014","0.1014","269","269","269"
"271","0.2069","0.2069","0.2069","270","270","270"
"272","0.1339","0.1339","0.1339","271","271","271"
"273","0.0932","0.0932","0.0932","272","272","272"
"274","0.0965","0.0965","0.0965","273","273","273"
"275","0.1199","0.1199","0.1199","274","274","274"
"276","0.118","0.118","0.118","275","275","275"
"277","0.1393","0.1393","0.1393","276","276","276"
"278","0.1703","0.1703","0.1703","277","277","277"
"279","0.1551","0.1551","0.1551","278","278","278"
"280","0.1757","0.1757","0.1757","279","279","279"
"281","0.0952","0.0952","0.0952","280","280","280"
"282","0.1421","0.1421","0.1421","281","281","281"
"283","0.1449","0.1449","0.1449","282","282","282"
"284","0.1288","0.1288","0.1288","283","283","283"
"285","0.1461","0.1461","0.1461","284","284","284"
"286","0.1306","0.1306","0.1306","285","285","285"
"287","0.1264","0.1264","0.1264","286","286","286"
"288","0.1163","0.1163","0.1163","287","287","287"
"289","0.158","0.158","0.158","288","288","288"
"290","0.1708","0.1708","0.1708","289","289","289"
"291","0.1867","0.1867","0.1867","290","290","290"
"292","0.1383","0.1383","0.1383","291","291","291"
"293","0.1598","0.1598","0.1598","292","292","292"
"294","0.1553","0.1553","0.1553","293","293","293"
"295","0.1242","0.1242","0.1242","294","294","294"
"296","0.1228","0.1228","0.1228","295","295","295"
"297","0.1661","0.1661","0.1661","296","296","296"
"298","0.2199","0.2199","0.2199","297","297","297"
"299","0.1744","0.1744","0.1744","298","298","298"
"300","0.1352","0.1352","0.1352","299","299","299"
"301","0.1818","0.1818","0.1818","300","300","300"
"302","0.15","0.15","0.15","301","301","301"
"303","0.133","0.133","0.133","302","302","302"
"304","0.1311","0.1311","0.1311","303","303","303"
"305","0.1641","0.1641","0.1641","304","304","304"
"306","0.1198","0.1198","0.1198","305","305","305"
"307","0.167","0.167","0.167","306","306","306"
"308","0.1567","0.1567","0.1567","307","307","307"
"309","0.1938","0.1938","0.1938","308","308","308"
"310","0.1071","0.1071","0.1071","309","309","309"
"311","0.1201","0.1201","0.1201","310","310","310"
"312","0.141","0.141","0.141","311","311","311"
"313","0.1018","0.1018","0.1018","312","312","312"
"314","0.1172","0.1172","0.1172","313","313","313"
"315","0.1102","0.1102","0.1102","314","314","314"
"316","0.1474","0.1474","0.1474","315","315","315"
"317","0.1363","0.1363","0.1363","316","316","316"
"318","0.097","0.097","0.097","317","317","317"
"319","0.1589","0.1589","0.1589","318","318","318"
"320","0.1262","0.1262","0.1262","319","319","319"
"321","0.1554","0.1554","0.1554","320","320","320"
"322","0.134","0.134","0.134","321","321","321"
"323","0.1113","0.1113","0.1113","322","322","322"
"324","0.1219","0.1219","0.1219","323","323","323"
"325","0.1332","0.1332","0.1332","324","324","324"
"326","0.129","0.129","0.129","325","325","325"
"327","0.1195","0.1195","0.1195","326","326","326"
"328","0.118","0.118","0.118","327","327","327"
"329","0.0983","0.0983","0.0983","328","328","328"
"330","0.1364","0.1364","0.1364","329","329","329"
"331","0.1501","0.1501","0.1501","330","330","330"
"332","0.1347","0.1347","0.1347","331","331","331"
"333","0.1678","0.1678","0.1678","332","332","332"
"334","0.1689","0.1689","0.1689","333","333","333"
"335","0.1582","0.1582","0.1582","334","334","334"
"336","0.1398","0.1398","0.1398","335","335","335"
"337","0.1527","0.1527","0.1527","336","336","336"
"338","0.2127","0.2127","0.2127","337","337","337"
"339","0.1462","0.1462","0.1462","338","338","338"
"340","0.1484","0.1484","0.1484","339","339","339"
"341","0.1044","0.1044","0.1044","340","340","340"
"342","0.1433","0.1433","0.1433","341","341","341"
"343","0.1763","0.1763","0.1763","342","342","342"
"344","0.244","0.244","0.244","343","343","343"
"345","0.1036","0.1036","0.1036","344","344","344"
"346","0.1216","0.1216","0.1216","345","345","345"
"347","0.2353","0.2353","0.2353","346","346","346"
"348","0.1858","0.1858","0.1858","347","347","347"
"349","0.1587","0.1587","0.1587","348","348","348"
"350","0.1298","0.1298","0.1298","349","349","349"
"351","0.196","0.196","0.196","350","350","350"
"352","0.1309","0.1309","0.1309","351","351","351"
"353","0.1382","0.1382","0.1382","352","352","352"
"354","0.1326","0.1326","0.1326","353","353","353"
"355","0.1681","0.1681","0.1681","354","354","354"
"356","0.1396","0.1396","0.1396","355","355","355"
"357","0.0994","0.0994","0.0994","356","356","356"
"358","0.0786","0.0786","0.0786","357","357","357"
"359","0.1717","0.1717","0.1717","358","358","358"
"360","0.1062","0.1062","0.1062","359","359","359"
"361","0.1477","0.1477","0.1477","360","360","360"
"362","0.1328","0.1328","0.1328","361","361","361"
"363","0.1636","0.1636","0.1636","362","362","362"
"364","0.1377","0.1377","0.1377","363","363","363"
"365","0.1042","0.1042","0.1042","364","364","364"
"366","0.1368","0.1368","0.1368","365","365","365"
"367","0.1528","0.1528","0.1528","366","366","366"
"368","0.2748","0.2748","0.2748","367","367","367"
"369","0.148","0.148","0.148","368","368","368"
"370","0.1072","0.1072","0.1072","369","369","369"
"371","0.1609","0.1609","0.1609","370","370","370"
"372","0.1132","0.1132","0.1132","371","371","371"
"373","0.132","0.132","0.132","372","372","372"
"374","0.155","0.155","0.155","373","373","373"
"375","0.1645","0.1645","0.1645","374","374","374"
"376","0.1247","0.1247","0.1247","375","375","375"
"377","0.134","0.134","0.134","376","376","376"
"378","0.1519","0.1519","0.1519","377","377","377"
"379","0.1324","0.1324","0.1324","378","378","378"
"380","0.2362","0.2362","0.2362","379","379","379"
"381","0.1221","0.1221","0.1221","380","380","380"
"382","0.0993","0.0993","0.0993","381","381","381"
"383","0.0887","0.0887","0.0887","382","382","382"
"384","0.1504","0.1504","0.1504","383","383","383"
"385","0.1057","0.1057","0.1057","384","384","384"
"386","0.1152","0.1152","0.1152","385","385","385"
"387","0.1977","0.1977","0.1977","386","386","386"
"388","0.116","0.116","0.116","387","387","387"
"389","0.0953","0.0953","0.0953","388","388","388"
"390","0.1263","0.1263","0.1263","389","389","389"
"391","0.1377","0.1377","0.1377","390","390","390"
"392","0.1159","0.1159","0.1159","391","391","391"
"393","0.1224","0.1224","0.1224","392","392","392"
"394","0.2098","0.2098","0.2098","393","393","393"
"395","0.1166","0.1166","0.1166","394","394","394"
"396","0.1551","0.1551","0.1551","395","395","395"
"397","0.1308","0.1308","0.1308","396","396","396"
"398","0.2883","0.2883","0.2883","397","397","397"
"399","0.1786","0.1786","0.1786","398","398","398"
"400","0.1522","0.1522","0.1522","399","399","399"
"401","0.1026","0.1026","0.1026","400","400","400"
"402","0.1544","0.1544","0.1544","401","401","401"
"403","0.1294","0.1294","0.1294","402","402","402"
"404","0.1059","0.1059","0.1059","403","403","403"
"405","0.1545","0.1545","0.1545","404","404","404"
"406","0.109","0.109","0.109","405","405","405"
"407","0.2344","0.2344","0.2344","406","406","406"
"408","0.1152","0.1152","0.1152","407","407","407"
"409","0.1309","0.1309","0.1309","408","408","408"
"410","0.149","0.149","0.149","409","409","409"
"411","0.0948","0.0948","0.0948","410","410","410"
"412","0.133","0.133","0.133","411","411","411"
"413","0.1297","0.1297","0.1297","412","412","412"
"414","0.1438","0.1438","0.1438","413","413","413"
"415","0.1261","0.1261","0.1261","414","414","414"
"416","0.088","0.088","0.088","415","415","415"
"417","0.1298","0.1298","0.1298","416","416","416"
"418","0.13","0.13","0.13","417","417","417"
"419","0.172","0.172","0.172","418","418","418"
"420","0.1504","0.1504","0.1504","419","419","419"
"421","0.1787","0.1787","0.1787","420","420","420"
"422","0.126","0.126","0.126","421","421","421"
"423","0.1699","0.1699","0.1699","422","422","422"
"424","0.112","0.112","0.112","423","423","423"
"425","0.1089","0.1089","0.1089","424","424","424"
"426","0.0896","0.0896","0.0896","425","425","425"
"427","0.107","0.107","0.107","426","426","426"
"428","0.2608","0.2608","0.2608","427","427","427"
"429","0.097","0.097","0.097","428","428","428"
"430","0.177","0.177","0.177","429","429","429"
"431","0.2233","0.2233","0.2233","430","430","430"
"432","0.1134","0.1134","0.1134","431","431","431"
"433","0.1142","0.1142","0.1142","432","432","432"
"434","0.1818","0.1818","0.1818","433","433","433"
"435","0.2897","0.2897","0.2897","434","434","434"
"436","0.1829","0.1829","0.1829","435","435","435"
"437","0.1679","0.1679","0.1679","436","436","436"
"438","0.1654","0.1654","0.1654","437","437","437"
"439","0.1503","0.1503","0.1503","438","438","438"
"440","0.1048","0.1048","0.1048","439","439","439"
"441","0.1156","0.1156","0.1156","440","440","440"
"442","0.1016","0.1016","0.1016","441","441","441"
"443","0.123","0.123","0.123","442","442","442"
"444","0.0973","0.0973","0.0973","443","443","443"
"445","0.1012","0.1012","0.1012","444","444","444"
"446","0.1737","0.1737","0.1737","445","445","445"
"447","0.136","0.136","0.136","446","446","446"
"448","0.1711","0.1711","0.1711","447","447","447"
"449","0.0998","0.0998","0.0998","448","448","448"
"450","0.0944","0.0944","0.0944","449","449","449"
"451","0.1273","0.1273","0.1273","450","450","450"
"452","0.1194","0.1194","0.1194","451","451","451"
"453","0.1544","0.1544","0.1544","452","452","452"
"454","0.1185","0.1185","0.1185","453","453","453"
"455","0.1105","0.1105","0.1105","454","454","454"
"456","0.0908","0.0908","0.0908","455","455","455"
"457","0.0782","0.0782","0.0782","456","456","456"
"458","0.1075","0.1075","0.1075","457","457","457"
"459","0.0926","0.0926","0.0926","458","458","458"
"460","0.1142","0.1142","0.1142","459","459","459"
"461","0.1043","0.1043","0.1043","460","460","460"
"462","0.1257","0.1257","0.1257","461","461","461"
"463","0.1381","0.1381","0.1381","462","462","462"
"464","0.151","0.151","0.151","463","463","463"
"465","0.1175","0.1175","0.1175","464","464","464"
"466","0.0965","0.0965","0.0965","465","465","465"
"467","0.107","0.107","0.107","466","466","466"
"468","0.119","0.119","0.119","467","467","467"
"469","0.0959","0.0959","0.0959","468","468","468"
"470","0.0982","0.0982","0.0982","469","469","469"
"471","0.1243","0.1243","0.1243","470","470","470"
"472","0.1173","0.1173","0.1173","471","471","471"
"473","0.1164","0.1164","0.1164","472","472","472"
"474","0.102","0.102","0.102","473","473","473"
"475","0.1224","0.1224","0.1224","474","474","474"
"476","0.1196","0.1196","0.1196","475","475","475"
"477","0.1033","0.1033","0.1033","476","476","476"
"478","0.1139","0.1139","0.1139","477","477","477"
"479","0.1","0.1","0.1","478","478","478"
"480","0.0808","0.0808","0.0808","479","479","479"
"481","0.1191","0.1191","0.1191","480","480","480"
"482","0.1304","0.1304","0.1304","481","481","481"
"483","0.1289","0.1289","0.1289","482","482","482"
"484","0.097","0.097","0.097","483","483","483"
"485","0.0967","0.0967","0.0967","484","484","484"
"486","0.1149","0.1149","0.1149","485","485","485"
"487","0.0791","0.0791","0.0791","486","486","486"
"488","0.0898","0.0898","0.0898","487","487","487"
"489","0.0958","0.0958","0.0958","488","488","488"
"490","0.1068","0.1068","0.1068","489","489","489"
"491","0.1058","0.1058","0.1058","490","490","490"
"492","0.0807","0.0807","0.0807","491","491","491"
"493","0.1207","0.1207","0.1207","492","492","492"
"494","0.1145","0.1145","0.1145","493","493","493"
"495","0.126","0.126","0.126","494","494","494"
"496","0.1011","0.1011","0.1011","495","495","495"
"497","0.0813","0.0813","0.0813","496","496","496"
"498","0.1169","0.1169","0.1169","497","497","497"
"499","0.1292","0.1292","0.1292","498","498","498"
"500","0.1465","0.1465","0.1465","499","499","499"
"501","0.1034","0.1034","0.1034","500","500","500"
"502","0.1203","0.1203","0.1203","501","501","501"
"503","0.0955","0.0955","0.0955","502","502","502"
"504","0.085","0.085","0.085","503","503","503"
"505","0.1146","0.1146","0.1146","504","504","504"
"506","0.1587","0.1587","0.1587","505","505","505"
"507","0.1328","0.1328","0.1328","506","506","506"
"508","0.1156","0.1156","0.1156","507","507","507"
"509","0.0957","0.0957","0.0957","508","508","508"
"510","0.1386","0.1386","0.1386","509","509","509"
"511","0.1079","0.1079","0.1079","510","510","510"
"512","0.1205","0.1205","0.1205","511","511","511"
"513","0.196","0.196","0.196","512","512","512"
"514","0.111","0.111","0.111","513","513","513"
"515","0.0854","0.0854","0.0854","514","514","514"
"516","0.126","0.126","0.126","515","515","515"
"517","0.1003","0.1003","0.1003","516","516","516"
"518","0.1092","0.1092","0.1092","517","517","517"
"519","0.0849","0.0849","0.0849","518","518","518"
"520","0.1376","0.1376","0.1376","519","519","519"
"521","0.058","0.058","0.058","520","520","520"
"522","0.1098","0.1098","0.1098","521","521","521"
"523","0.1088","0.1088","0.1088","522","522","522"
"524","0.1236","0.1236","0.1236","523","523","523"
"525","0.115","0.115","0.115","524","524","524"
"526","0.1153","0.1153","0.1153","525","525","525"
"527","0.0802","0.0802","0.0802","526","526","526"
"528","0.1257","0.1257","0.1257","527","527","527"
"529","0.1232","0.1232","0.1232","528","528","528"
"530","0.0876","0.0876","0.0876","529","529","529"
"531","0.0795","0.0795","0.0795","530","530","530"
"532","0.0864","0.0864","0.0864","531","531","531"
"533","0.1023","0.1023","0.1023","532","532","532"
"534","0.1288","0.1288","0.1288","533","533","533"
"535","0.1378","0.1378","0.1378","534","534","534"
"536","0.119","0.119","0.119","535","535","535"
"537","0.1067","0.1067","0.1067","536","536","536"
"538","0.1355","0.1355","0.1355","537","537","537"
"539","0.1212","0.1212","0.1212","538","538","538"
"540","0.0863","0.0863","0.0863","539","539","539"
"541","0.0908","0.0908","0.0908","540","540","540"
"542","0.0992","0.0992","0.0992","541","541","541"
"543","0.0987","0.0987","0.0987","542","542","542"
"544","0.0931","0.0931","0.0931","543","543","543"
"545","0.1335","0.1335","0.1335","544","544","544"
"546","0.0967","0.0967","0.0967","545","545","545"
"547","0.0977","0.0977","0.0977","546","546","546"
"548","0.1283","0.1283","0.1283","547","547","547"
"549","0.0798","0.0798","0.0798","548","548","548"
"550","0.1064","0.1064","0.1064","549","549","549"
"551","0.131","0.131","0.131","550","550","550"
"552","0.1264","0.1264","0.1264","551","551","551"
"553","0.1603","0.1603","0.1603","552","552","552"
"554","0.0805","0.0805","0.0805","553","553","553"
"555","0.094","0.094","0.094","554","554","554"
"556","0.0991","0.0991","0.0991","555","555","555"
"557","0.1476","0.1476","0.1476","556","556","556"
"558","0.0725","0.0725","0.0725","557","557","557"
"559","0.1349","0.1349","0.1349","558","558","558"
"560","0.0811","0.0811","0.0811","559","559","559"
"561","0.1105","0.1105","0.1105","560","560","560"
"562","0.1225","0.1225","0.1225","561","561","561"
"563","0.1648","0.1648","0.1648","562","562","562"
"564","0.1346","0.1346","0.1346","563","563","563"
"565","0.1319","0.1319","0.1319","564","564","564"
"566","0.1476","0.1476","0.1476","565","565","565"
"567","0.1055","0.1055","0.1055","566","566","566"
"568","0.0914","0.0914","0.0914","567","567","567"
"569","0.1167","0.1167","0.1167","568","568","568"
"570","0.1351","0.1351","0.1351","569","569","569"
"571","0.1194","0.1194","0.1194","570","570","570"
"572","0.0896","0.0896","0.0896","571","571","571"
"573","0.1028","0.1028","0.1028","572","572","572"
"574","0.0974","0.0974","0.0974","573","573","573"
"575","0.0751","0.0751","0.0751","574","574","574"
"576","0.1052","0.1052","0.1052","575","575","575"
"577","0.1171","0.1171","0.1171","576","576","576"
"578","0.0954","0.0954","0.0954","577","577","577"
"579","0.1081","0.1081","0.1081","578","578","578"
"580","0.0891","0.0891","0.0891","579","579","579"
"581","0.1001","0.1001","0.1001","580","580","580"
"582","0.1161","0.1161","0.1161","581","581","581"
"583","0.1374","0.1374","0.1374","582","582","582"
"584","0.0947","0.0947","0.0947","583","583","583"
"585","0.1063","0.1063","0.1063","584","584","584"
"586","0.1079","0.1079","0.1079","585","585","585"
"587","0.0961","0.0961","0.0961","586","586","586"
"588","0.0981","0.0981","0.0981","587","587","587"
"589","0.0804","0.0804","0.0804","588","588","588"
"590","0.1298","0.1298","0.1298","589","589","589"
"591","0.1047","0.1047","0.1047","590","590","590"
"592","0.1117","0.1117","0.1117","591","591","591"
"593","0.1105","0.1105","0.1105","592","592","592"
"594","0.0926","0.0926","0.0926","593","593","593"
"595","0.11","0.11","0.11","594","594","594"
"596","0.0974","0.0974","0.0974","595","595","595"
"597","0.1427","0.1427","0.1427","596","596","596"
"598","0.1324","0.1324","0.1324","597","597","597"
"599","0.1124","0.1124","0.1124","598","598","598"
"600","0.0908","0.0908","0.0908","599","599","599"
"601","0.0915","0.0915","0.0915","600","600","600"
"602","0.0994","0.0994","0.0994","601","601","601"
"603","0.1059","0.1059","0.1059","602","602","602"
"604","0.1876","0.1876","0.1876","603","603","603"
"605","0.0913","0.0913","0.0913","604","604","604"
"606","0.1425","0.1425","0.1425","605","605","605"
"607","0.1","0.1","0.1","606","606","606"
"608","0.1659","0.1659","0.1659","607","607","607"
"609","0.1248","0.1248","0.1248","608","608","608"
"610","0.1347","0.1347","0.1347","609","609","609"
"611","0.1","0.1","0.1","610","610","610"
"612","0.1204","0.1204","0.1204","611","611","611"
"613","0.086","0.086","0.086","612","612","612"
"614","0.0807","0.0807","0.0807","613","613","613"
"615","0.112","0.112","0.112","614","614","614"
"616","0.1036","0.1036","0.1036","615","615","615"
"617","0.1033","0.1033","0.1033","616","616","616"
"618","0.11","0.11","0.11","617","617","617"
"619","0.1324","0.1324","0.1324","618","618","618"
"620","0.1439","0.1439","0.1439","619","619","619"
"621","0.1123","0.1123","0.1123","620","620","620"
"622","0.0939","0.0939","0.0939","621","621","621"
"623","0.1288","0.1288","0.1288","622","622","622"
"624","0.0675","0.0675","0.0675","623","623","623"
"625","0.1147","0.1147","0.1147","624","624","624"
"626","0.1086","0.1086","0.1086","625","625","625"
"627","0.1283","0.1283","0.1283","626","626","626"
"628","0.1055","0.1055","0.1055","627","627","627"
"629","0.0773","0.0773","0.0773","628","628","628"
"630","0.0956","0.0956","0.0956","629","629","629"
"631","0.1098","0.1098","0.1098","630","630","630"
"632","0.0725","0.0725","0.0725","631","631","631"
"633","0.0934","0.0934","0.0934","632","632","632"
"634","0.1034","0.1034","0.1034","633","633","633"
"635","0.0727","0.0727","0.0727","634","634","634"
"636","0.1641","0.1641","0.1641","635","635","635"
"637","0.1127","0.1127","0.1127","636","636","636"
"638","0.133","0.133","0.133","637","637","637"
"639","0.058","0.058","0.058","638","638","638"
"640","0.1034","0.1034","0.1034","639","639","639"
"641","0.095","0.095","0.095","640","640","640"
"642","0.1004","0.1004","0.1004","641","641","641"
"643","0.0711","0.0711","0.0711","642","642","642"
"644","0.1689","0.1689","0.1689","643","643","643"
"645","0.147","0.147","0.147","644","644","644"
"646","0.1046","0.1046","0.1046","645","645","645"
"647","0.0888","0.0888","0.0888","646","646","646"
"648","0.0906","0.0906","0.0906","647","647","647"
"649","0.1066","0.1066","0.1066","648","648","648"
"650","0.1263","0.1263","0.1263","649","649","649"
"651","0.1561","0.1561","0.1561","650","650","650"
"652","0.0827","0.0827","0.0827","651","651","651"
"653","0.0878","0.0878","0.0878","652","652","652"
"654","0.0664","0.0664","0.0664","653","653","653"
"655","0.098","0.098","0.098","654","654","654"
"656","0.1046","0.1046","0.1046","655","655","655"
"657","0.1079","0.1079","0.1079","656","656","656"
"658","0.1108","0.1108","0.1108","657","657","657"
"659","0.1118","0.1118","0.1118","658","658","658"
"660","0.1074","0.1074","0.1074","659","659","659"
"661","0.0895","0.0895","0.0895","660","660","660"
"662","0.082","0.082","0.082","661","661","661"
"663","0.1252","0.1252","0.1252","662","662","662"
"664","0.0926","0.0926","0.0926","663","663","663"
"665","0.0794","0.0794","0.0794","664","664","664"
"666","0.1364","0.1364","0.1364","665","665","665"
"667","0.0733","0.0733","0.0733","666","666","666"
"668","0.096","0.096","0.096","667","667","667"
"669","0.089","0.089","0.089","668","668","668"
"670","0.1446","0.1446","0.1446","669","669","669"
"671","0.1045","0.1045","0.1045","670","670","670"
"672","0.0853","0.0853","0.0853","671","671","671"
"673","0.1153","0.1153","0.1153","672","672","672"
"674","0.0947","0.0947","0.0947","673","673","673"
"675","0.0913","0.0913","0.0913","674","674","674"
"676","0.1097","0.1097","0.1097","675","675","675"
"677","0.0966","0.0966","0.0966","676","676","676"
"678","0.0747","0.0747","0.0747","677","677","677"
"679","0.0963","0.0963","0.0963","678","678","678"
"680","0.0788","0.0788","0.0788","679","679","679"
"681","0.0853","0.0853","0.0853","680","680","680"
"682","0.1073","0.1073","0.1073","681","681","681"
"683","0.0985","0.0985","0.0985","682","682","682"
"684","0.1055","0.1055","0.1055","683","683","683"
"685","0.1177","0.1177","0.1177","684","684","684"
"686","0.1233","0.1233","0.1233","685","685","685"
"687","0.1663","0.1663","0.1663","686","686","686"
"688","0.1006","0.1006","0.1006","687","687","687"
"689","0.0895","0.0895","0.0895","688","688","688"
"690","0.1032","0.1032","0.1032","689","689","689"
"691","0.1283","0.1283","0.1283","690","690","690"
"692","0.1427","0.1427","0.1427","691","691","691"
"693","0.0807","0.0807","0.0807","692","692","692"
"694","0.0752","0.0752","0.0752","693","693","693"
"695","0.1962","0.1962","0.1962","694","694","694"
"696","0.1063","0.1063","0.1063","695","695","695"
"697","0.091","0.091","0.091","696","696","696"
"698","0.0642","0.0642","0.0642","697","697","697"
"699","0.1332","0.1332","0.1332","698","698","698"
"700","0.1237","0.1237","0.1237","699","699","699"
"701","0.0797","0.0797","0.0797","700","700","700"
"702","0.1897","0.1897","0.1897","701","701","701"
"703","0.1013","0.1013","0.1013","702","702","702"
"704","0.1062","0.1062","0.1062","703","703","703"
"705","0.1189","0.1189","0.1189","704","704","704"
"706","0.0933","0.0933","0.0933","705","705","705"
"707","0.0721","0.0721","0.0721","706","706","706"
"708","0.1909","0.1909","0.1909","707","707","707"
"709","0.1088","0.1088","0.1088","708","708","708"
"710","0.0811","0.0811","0.0811","709","709","709"
"711","0.0918","0.0918","0.0918","710","710","710"
"712","0.1228","0.1228","0.1228","711","711","711"
"713","0.0954","0.0954","0.0954","712","712","712"
"714","0.0786","0.0786","0.0786","713","713","713"
"715","0.1234","0.1234","0.1234","714","714","714"
"716","0.1019","0.1019","0.1019","715","715","715"
"717","0.1022","0.1022","0.1022","716","716","716"
"718","0.0882","0.0882","0.0882","717","717","717"
"719","0.0844","0.0844","0.0844","718","718","718"
"720","0.1023","0.1023","0.1023","719","719","719"
"721","0.1141","0.1141","0.1141","720","720","720"
"722","0.0892","0.0892","0.0892","721","721","721"
"723","0.0954","0.0954","0.0954","722","722","722"
"724","0.1072","0.1072","0.1072","723","723","723"
"725","0.1076","0.1076","0.1076","724","724","724"
"726","0.1425","0.1425","0.1425","725","725","725"
"727","0.1066","0.1066","0.1066","726","726","726"
"728","0.0921","0.0921","0.0921","727","727","727"
"729","0.1309","0.1309","0.1309","728","728","728"
"730","0.0951","0.0951","0.0951","729","729","729"
"731","0.1326","0.1326","0.1326","730","730","730"
"732","0.1108","0.1108","0.1108","731","731","731"
"733","0.0999","0.0999","0.0999","732","732","732"
"734","0.0959","0.0959","0.0959","733","733","733"
"735","0.0978","0.0978","0.0978","734","734","734"
"736","0.1307","0.1307","0.1307","735","735","735"
"737","0.1056","0.1056","0.1056","736","736","736"
"738","0.1531","0.1531","0.1531","737","737","737"
"739","0.085","0.085","0.085","738","738","738"
"740","0.1116","0.1116","0.1116","739","739","739"
"741","0.0825","0.0825","0.0825","740","740","740"
"742","0.0899","0.0899","0.0899","741","741","741"
"743","0.0956","0.0956","0.0956","742","742","742"
"744","0.134","0.134","0.134","743","743","743"
"745","0.0855","0.0855","0.0855","744","744","744"
"746","0.1102","0.1102","0.1102","745","745","745"
"747","0.0877","0.0877","0.0877","746","746","746"
"748","0.1617","0.1617","0.1617","747","747","747"
"749","0.0849","0.0849","0.0849","748","748","748"
"750","0.0919","0.0919","0.0919","749","749","749"
"751","0.1488","0.1488","0.1488","750","750","750"
"752","0.0974","0.0974","0.0974","751","751","751"
"753","0.0794","0.0794","0.0794","752","752","752"
"754","0.0752","0.0752","0.0752","753","753","753"
"755","0.1213","0.1213","0.1213","754","754","754"
"756","0.104","0.104","0.104","755","755","755"
"757","0.1469","0.1469","0.1469","756","756","756"
"758","0.0839","0.0839","0.0839","757","757","757"
"759","0.1333","0.1333","0.1333","758","758","758"
"760","0.1196","0.1196","0.1196","759","759","759"
"761","0.0641","0.0641","0.0641","760","760","760"
"762","0.1083","0.1083","0.1083","761","761","761"
"763","0.0847","0.0847","0.0847","762","762","762"
"764","0.1417","0.1417","0.1417","763","763","763"
"765","0.1364","0.1364","0.1364","764","764","764"
"766","0.1601","0.1601","0.1601","765","765","765"
"767","0.1156","0.1156","0.1156","766","766","766"
"768","0.1782","0.1782","0.1782","767","767","767"
"769","0.1146","0.1146","0.1146","768","768","768"
"770","0.1325","0.1325","0.1325","769","769","769"
"771","0.0833","0.0833","0.0833","770","770","770"
"772","0.1026","0.1026","0.1026","771","771","771"
"773","0.0934","0.0934","0.0934","772","772","772"
"774","0.1556","0.1556","0.1556","773","773","773"
"775","0.1241","0.1241","0.1241","774","774","774"
"776","0.136","0.136","0.136","775","775","775"
"777","0.0968","0.0968","0.0968","776","776","776"
"778","0.1017","0.1017","0.1017","777","777","777"
"779","0.1829","0.1829","0.1829","778","778","778"
"780","0.1345","0.1345","0.1345","779","779","779"
"781","0.1018","0.1018","0.1018","780","780","780"
"782","0.0779","0.0779","0.0779","781","781","781"
"783","0.1441","0.1441","0.1441","782","782","782"
"784","0.097","0.097","0.097","783","783","783"
"785","0.1042","0.1042","0.1042","784","784","784"
"786","0.1399","0.1399","0.1399","785","785","785"
"787","0.1634","0.1634","0.1634","786","786","786"
"788","0.1122","0.1122","0.1122","787","787","787"
"789","0.0816","0.0816","0.0816","788","788","788"
"790","0.1307","0.1307","0.1307","789","789","789"
"791","0.0905","0.0905","0.0905","790","790","790"
"792","0.0772","0.0772","0.0772","791","791","791"
"793","0.1004","0.1004","0.1004","792","792","792"
"794","0.1054","0.1054","0.1054","793","793","793"
"795","0.1277","0.1277","0.1277","794","794","794"
"796","0.126","0.126","0.126","795","795","795"
"797","0.14","0.14","0.14","796","796","796"
"798","0.1056","0.1056","0.1056","797","797","797"
"799","0.106","0.106","0.106","798","798","798"
"800","0.076","0.076","0.076","799","799","799"
"801","0.0928","0.0928","0.0928","800","800","800"
"802","0.0772","0.0772","0.0772","801","801","801"
"803","0.0675","0.0675","0.0675","802","802","802"
"804","0.0787","0.0787","0.0787","803","803","803"
"805","0.0897","0.0897","0.0897","804","804","804"
"806","0.1162","0.1162","0.1162","805","805","805"
"807","0.1128","0.1128","0.1128","806","806","806"
"808","0.0854","0.0854","0.0854","807","807","807"
"809","0.0727","0.0727","0.0727","808","808","808"
"810","0.0717","0.0717","0.0717","809","809","809"
"811","0.0933","0.0933","0.0933","810","810","810"
"812","0.0683","0.0683","0.0683","811","811","811"
"813","0.0842","0.0842","0.0842","812","812","812"
"814","0.1386","0.1386","0.1386","813","813","813"
"815","0.1064","0.1064","0.1064","814","814","814"
"816","0.1115","0.1115","0.1115","815","815","815"
"817","0.109","0.109","0.109","816","816","816"
"818","0.1383","0.1383","0.1383","817","817","817"
"819","0.1124","0.1124","0.1124","818","818","818"
"820","0.0915","0.0915","0.0915","819","819","819"
"821","0.1089","0.1089","0.1089","820","820","820"
"822","0.1033","0.1033","0.1033","821","821","821"
"823","0.1233","0.1233","0.1233","822","822","822"
"824","0.0999","0.0999","0.0999","823","823","823"
"825","0.1024","0.1024","0.1024","824","824","824"
"826","0.1463","0.1463","0.1463","825","825","825"
"827","0.1261","0.1261","0.1261","826","826","826"
"828","0.0951","0.0951","0.0951","827","827","827"
"829","0.1125","0.1125","0.1125","828","828","828"
"830","0.1194","0.1194","0.1194","829","829","829"
"831","0.0789","0.0789","0.0789","830","830","830"
"832","0.1189","0.1189","0.1189","831","831","831"
"833","0.1032","0.1032","0.1032","832","832","832"
"834","0.0985","0.0985","0.0985","833","833","833"
"835","0.2977","0.2977","0.2977","834","834","834"
"836","0.116","0.116","0.116","835","835","835"
"837","0.1923","0.1923","0.1923","836","836","836"
"838","0.1986","0.1986","0.1986","837","837","837"
"839","0.13","0.13","0.13","838","838","838"
"840","0.1188","0.1188","0.1188","839","839","839"
"841","0.1349","0.1349","0.1349","840","840","840"
"842","0.1336","0.1336","0.1336","841","841","841"
"843","0.0935","0.0935","0.0935","842","842","842"
"844","0.0947","0.0947","0.0947","843","843","843"
"845","0.1009","0.1009","0.1009","844","844","844"
"846","0.1029","0.1029","0.1029","845","845","845"
"847","0.0596","0.0596","0.0596","846","846","846"
"848","0.0945","0.0945","0.0945","847","847","847"
"849","0.1239","0.1239","0.1239","848","848","848"
"850","0.0548","0.0548","0.0548","849","849","849"
"851","0.106","0.106","0.106","850","850","850"
"852","0.0685","0.0685","0.0685","851","851","851"
"853","0.1244","0.1244","0.1244","852","852","852"
"854","0.0631","0.0631","0.0631","853","853","853"
"855","0.0823","0.0823","0.0823","854","854","854"
"856","0.0827","0.0827","0.0827","855","855","855"
"857","0.0989","0.0989","0.0989","856","856","856"
"858","0.0762","0.0762","0.0762","857","857","857"
"859","0.1628","0.1628","0.1628","858","858","858"
"860","0.1133","0.1133","0.1133","859","859","859"
"861","0.0815","0.0815","0.0815","860","860","860"
"862","0.1015","0.1015","0.1015","861","861","861"
"863","0.0971","0.0971","0.0971","862","862","862"
"864","0.1504","0.1504","0.1504","863","863","863"
"865","0.1185","0.1185","0.1185","864","864","864"
"866","0.0893","0.0893","0.0893","865","865","865"
"867","0.1108","0.1108","0.1108","866","866","866"
"868","0.1228","0.1228","0.1228","867","867","867"
"869","0.0872","0.0872","0.0872","868","868","868"
"870","0.0666","0.0666","0.0666","869","869","869"
"871","0.1193","0.1193","0.1193","870","870","870"
"872","0.0799","0.0799","0.0799","871","871","871"
"873","0.1624","0.1624","0.1624","872","872","872"
"874","0.0783","0.0783","0.0783","873","873","873"
"875","0.1124","0.1124","0.1124","874","874","874"
"876","0.0945","0.0945","0.0945","875","875","875"
"877","0.0641","0.0641","0.0641","876","876","876"
"878","0.0872","0.0872","0.0872","877","877","877"
"879","0.0885","0.0885","0.0885","878","878","878"
"880","0.0659","0.0659","0.0659","879","879","879"
"881","0.0828","0.0828","0.0828","880","880","880"
"882","0.1441","0.1441","0.1441","881","881","881"
"883","0.0895","0.0895","0.0895","882","882","882"
"884","0.1312","0.1312","0.1312","883","883","883"
"885","0.081","0.081","0.081","884","884","884"
"886","0.0691","0.0691","0.0691","885","885","885"
"887","0.086","0.086","0.086","886","886","886"
"888","0.0997","0.0997","0.0997","887","887","887"
"889","0.1256","0.1256","0.1256","888","888","888"
"890","0.0729","0.0729","0.0729","889","889","889"
"891","0.0752","0.0752","0.0752","890","890","890"
"892","0.0879","0.0879","0.0879","891","891","891"
"893","0.0644","0.0644","0.0644","892","892","892"
"894","0.0849","0.0849","0.0849","893","893","893"
"895","0.0797","0.0797","0.0797","894","894","894"
"896","0.0784","0.0784","0.0784","895","895","895"
"897","0.079","0.079","0.079","896","896","896"
"898","0.0581","0.0581","0.0581","897","897","897"
"899","0.0741","0.0741","0.0741","898","898","898"
"900","0.0745","0.0745","0.0745","899","899","899"
"901","0.0716","0.0716","0.0716","900","900","900"
"902","0.0556","0.0556","0.0556","901","901","901"
"903","0.0637","0.0637","0.0637","902","902","902"
"904","0.0943","0.0943","0.0943","903","903","903"
"905","0.1384","0.1384","0.1384","904","904","904"
"906","0.0833","0.0833","0.0833","905","905","905"
"907","0.0706","0.0706","0.0706","906","906","906"
"908","0.067","0.067","0.067","907","907","907"
"909","0.0928","0.0928","0.0928","908","908","908"
"910","0.0632","0.0632","0.0632","909","909","909"
"911","0.0544","0.0544","0.0544","910","910","910"
"912","0.083","0.083","0.083","911","911","911"
"913","0.0903","0.0903","0.0903","912","912","912"
"914","0.0684","0.0684","0.0684","913","913","913"
"915","0.1028","0.1028","0.1028","914","914","914"
"916","0.0624","0.0624","0.0624","915","915","915"
"917","0.0755","0.0755","0.0755","916","916","916"
"918","0.0922","0.0922","0.0922","917","917","917"
"919","0.1481","0.1481","0.1481","918","918","918"
"920","0.0668","0.0668","0.0668","919","919","919"
"921","0.0991","0.0991","0.0991","920","920","920"
"922","0.0811","0.0811","0.0811","921","921","921"
"923","0.0903","0.0903","0.0903","922","922","922"
"924","0.0552","0.0552","0.0552","923","923","923"
"925","0.0671","0.0671","0.0671","924","924","924"
"926","0.0732","0.0732","0.0732","925","925","925"
"927","0.047","0.047","0.047","926","926","926"
"928","0.0724","0.0724","0.0724","927","927","927"
"929","0.0864","0.0864","0.0864","928","928","928"
"930","0.0565","0.0565","0.0565","929","929","929"
"931","0.065","0.065","0.065","930","930","930"
"932","0.1047","0.1047","0.1047","931","931","931"
"933","0.1303","0.1303","0.1303","932","932","932"
"934","0.0698","0.0698","0.0698","933","933","933"
"935","0.0981","0.0981","0.0981","934","934","934"
"936","0.1155","0.1155","0.1155","935","935","935"
"937","0.0682","0.0682","0.0682","936","936","936"
"938","0.0851","0.0851","0.0851","937","937","937"
"939","0.0908","0.0908","0.0908","938","938","938"
"940","0.0742","0.0742","0.0742","939","939","939"
"941","0.1591","0.1591","0.1591","940","940","940"
"942","0.0978","0.0978","0.0978","941","941","941"
"943","0.1232","0.1232","0.1232","942","942","942"
"944","0.0723","0.0723","0.0723","943","943","943"
"945","0.0804","0.0804","0.0804","944","944","944"
"946","0.086","0.086","0.086","945","945","945"
"947","0.0882","0.0882","0.0882","946","946","946"
"948","0.0775","0.0775","0.0775","947","947","947"
"949","0.0753","0.0753","0.0753","948","948","948"
"950","0.0825","0.0825","0.0825","949","949","949"
"951","0.0535","0.0535","0.0535","950","950","950"
"952","0.0528","0.0528","0.0528","951","951","951"
"953","0.0849","0.0849","0.0849","952","952","952"
"954","0.0826","0.0826","0.0826","953","953","953"
"955","0.1118","0.1118","0.1118","954","954","954"
"956","0.0672","0.0672","0.0672","955","955","955"
"957","0.0845","0.0845","0.0845","956","956","956"
"958","0.0698","0.0698","0.0698","957","957","957"
"959","0.0835","0.0835","0.0835","958","958","958"
"960","0.0613","0.0613","0.0613","959","959","959"
"961","0.1286","0.1286","0.1286","960","960","960"
"962","0.0871","0.0871","0.0871","961","961","961"
"963","0.086","0.086","0.086","962","962","962"
"964","0.113","0.113","0.113","963","963","963"
"965","0.105","0.105","0.105","964","964","964"
"966","0.0643","0.0643","0.0643","965","965","965"
"967","0.0486","0.0486","0.0486","966","966","966"
"968","0.0873","0.0873","0.0873","967","967","967"
"969","0.0853","0.0853","0.0853","968","968","968"
"970","0.0602","0.0602","0.0602","969","969","969"
"971","0.074","0.074","0.074","970","970","970"
"972","0.0761","0.0761","0.0761","971","971","971"
"973","0.0678","0.0678","0.0678","972","972","972"
"974","0.103","0.103","0.103","973","973","973"
"975","0.0815","0.0815","0.0815","974","974","974"
"976","0.0918","0.0918","0.0918","975","975","975"
"977","0.0647","0.0647","0.0647","976","976","976"
"978","0.0861","0.0861","0.0861","977","977","977"
"979","0.0975","0.0975","0.0975","978","978","978"
"980","0.0583","0.0583","0.0583","979","979","979"
"981","0.0697","0.0697","0.0697","980","980","980"
"982","0.0654","0.0654","0.0654","981","981","981"
"983","0.0829","0.0829","0.0829","982","982","982"
"984","0.0737","0.0737","0.0737","983","983","983"
"985","0.0895","0.0895","0.0895","984","984","984"
"986","0.0804","0.0804","0.0804","985","985","985"
"987","0.1618","0.1618","0.1618","986","986","986"
"988","0.087","0.087","0.087","987","987","987"
"989","0.067","0.067","0.067","988","988","988"
"990","0.0961","0.0961","0.0961","989","989","989"
"991","0.0621","0.0621","0.0621","990","990","990"
"992","0.0891","0.0891","0.0891","991","991","991"
"993","0.0695","0.0695","0.0695","992","992","992"
"994","0.0731","0.0731","0.0731","993","993","993"
"995","0.0817","0.0817","0.0817","994","994","994"
"996","0.0956","0.0956","0.0956","995","995","995"
"997","0.0746","0.0746","0.0746","996","996","996"
"998","0.0853","0.0853","0.0853","997","997","997"
"999","0.0805","0.0805","0.0805","998","998","998"
"1000","0.0873","0.0873","0.0873","999","999","999"