"train/global_step","youthful-dragon-4 - train/learning_rate","youthful-dragon-4 - train/learning_rate__MIN","youthful-dragon-4 - train/learning_rate__MAX","youthful-dragon-4 - _step","youthful-dragon-4 - _step__MIN","youthful-dragon-4 - _step__MAX"
"1","0","0","0","0","0","0"
"2","0.00004","0.00004","0.00004","1","1","1"
"3","0.00008","0.00008","0.00008","2","2","2"
"4","0.00012","0.00012","0.00012","3","3","3"
"5","0.00016","0.00016","0.00016","4","4","4"
"6","0.0002","0.0002","0.0002","5","5","5"
"7","0.00019979899497487438","0.00019979899497487438","0.00019979899497487438","6","6","6"
"8","0.00019959798994974876","0.00019959798994974876","0.00019959798994974876","7","7","7"
"9","0.00019939698492462313","0.00019939698492462313","0.00019939698492462313","8","8","8"
"10","0.0001991959798994975","0.0001991959798994975","0.0001991959798994975","9","9","9"
"11","0.00019899497487437187","0.00019899497487437187","0.00019899497487437187","10","10","10"
"12","0.00019879396984924622","0.00019879396984924622","0.00019879396984924622","11","11","11"
"13","0.00019859296482412062","0.00019859296482412062","0.00019859296482412062","12","12","12"
"14","0.000198391959798995","0.000198391959798995","0.000198391959798995","13","13","13"
"15","0.00019819095477386937","0.00019819095477386937","0.00019819095477386937","14","14","14"
"16","0.0001979899497487437","0.0001979899497487437","0.0001979899497487437","15","15","15"
"17","0.0001977889447236181","0.0001977889447236181","0.0001977889447236181","16","16","16"
"18","0.00019758793969849249","0.00019758793969849249","0.00019758793969849249","17","17","17"
"19","0.00019738693467336683","0.00019738693467336683","0.00019738693467336683","18","18","18"
"20","0.0001971859296482412","0.0001971859296482412","0.0001971859296482412","19","19","19"
"21","0.0001969849246231156","0.0001969849246231156","0.0001969849246231156","20","20","20"
"22","0.00019678391959798995","0.00019678391959798995","0.00019678391959798995","21","21","21"
"23","0.00019658291457286432","0.00019658291457286432","0.00019658291457286432","22","22","22"
"24","0.0001963819095477387","0.0001963819095477387","0.0001963819095477387","23","23","23"
"25","0.0001961809045226131","0.0001961809045226131","0.0001961809045226131","24","24","24"
"26","0.00019597989949748744","0.00019597989949748744","0.00019597989949748744","25","25","25"
"27","0.00019577889447236181","0.00019577889447236181","0.00019577889447236181","26","26","26"
"28","0.0001955778894472362","0.0001955778894472362","0.0001955778894472362","27","27","27"
"29","0.00019537688442211056","0.00019537688442211056","0.00019537688442211056","28","28","28"
"30","0.00019517587939698493","0.00019517587939698493","0.00019517587939698493","29","29","29"
"31","0.0001949748743718593","0.0001949748743718593","0.0001949748743718593","30","30","30"
"32","0.00019477386934673368","0.00019477386934673368","0.00019477386934673368","31","31","31"
"33","0.00019457286432160805","0.00019457286432160805","0.00019457286432160805","32","32","32"
"34","0.00019437185929648243","0.00019437185929648243","0.00019437185929648243","33","33","33"
"35","0.0001941708542713568","0.0001941708542713568","0.0001941708542713568","34","34","34"
"36","0.00019396984924623117","0.00019396984924623117","0.00019396984924623117","35","35","35"
"37","0.00019376884422110552","0.00019376884422110552","0.00019376884422110552","36","36","36"
"38","0.00019356783919597992","0.00019356783919597992","0.00019356783919597992","37","37","37"
"39","0.0001933668341708543","0.0001933668341708543","0.0001933668341708543","38","38","38"
"40","0.00019316582914572864","0.00019316582914572864","0.00019316582914572864","39","39","39"
"41","0.000192964824120603","0.000192964824120603","0.000192964824120603","40","40","40"
"42","0.0001927638190954774","0.0001927638190954774","0.0001927638190954774","41","41","41"
"43","0.00019256281407035178","0.00019256281407035178","0.00019256281407035178","42","42","42"
"44","0.00019236180904522613","0.00019236180904522613","0.00019236180904522613","43","43","43"
"45","0.0001921608040201005","0.0001921608040201005","0.0001921608040201005","44","44","44"
"46","0.0001919597989949749","0.0001919597989949749","0.0001919597989949749","45","45","45"
"47","0.00019175879396984925","0.00019175879396984925","0.00019175879396984925","46","46","46"
"48","0.00019155778894472362","0.00019155778894472362","0.00019155778894472362","47","47","47"
"49","0.000191356783919598","0.000191356783919598","0.000191356783919598","48","48","48"
"50","0.0001911557788944724","0.0001911557788944724","0.0001911557788944724","49","49","49"
"51","0.00019095477386934674","0.00019095477386934674","0.00019095477386934674","50","50","50"
"52","0.0001907537688442211","0.0001907537688442211","0.0001907537688442211","51","51","51"
"53","0.00019055276381909548","0.00019055276381909548","0.00019055276381909548","52","52","52"
"54","0.00019035175879396986","0.00019035175879396986","0.00019035175879396986","53","53","53"
"55","0.00019015075376884423","0.00019015075376884423","0.00019015075376884423","54","54","54"
"56","0.0001899497487437186","0.0001899497487437186","0.0001899497487437186","55","55","55"
"57","0.00018974874371859298","0.00018974874371859298","0.00018974874371859298","56","56","56"
"58","0.00018954773869346732","0.00018954773869346732","0.00018954773869346732","57","57","57"
"59","0.00018934673366834172","0.00018934673366834172","0.00018934673366834172","58","58","58"
"60","0.0001891457286432161","0.0001891457286432161","0.0001891457286432161","59","59","59"
"61","0.00018894472361809047","0.00018894472361809047","0.00018894472361809047","60","60","60"
"62","0.00018874371859296481","0.00018874371859296481","0.00018874371859296481","61","61","61"
"63","0.00018854271356783921","0.00018854271356783921","0.00018854271356783921","62","62","62"
"64","0.0001883417085427136","0.0001883417085427136","0.0001883417085427136","63","63","63"
"65","0.00018814070351758793","0.00018814070351758793","0.00018814070351758793","64","64","64"
"66","0.0001879396984924623","0.0001879396984924623","0.0001879396984924623","65","65","65"
"67","0.0001877386934673367","0.0001877386934673367","0.0001877386934673367","66","66","66"
"68","0.00018753768844221108","0.00018753768844221108","0.00018753768844221108","67","67","67"
"69","0.00018733668341708543","0.00018733668341708543","0.00018733668341708543","68","68","68"
"70","0.0001871356783919598","0.0001871356783919598","0.0001871356783919598","69","69","69"
"71","0.0001869346733668342","0.0001869346733668342","0.0001869346733668342","70","70","70"
"72","0.00018673366834170854","0.00018673366834170854","0.00018673366834170854","71","71","71"
"73","0.00018653266331658292","0.00018653266331658292","0.00018653266331658292","72","72","72"
"74","0.0001863316582914573","0.0001863316582914573","0.0001863316582914573","73","73","73"
"75","0.0001861306532663317","0.0001861306532663317","0.0001861306532663317","74","74","74"
"76","0.00018592964824120604","0.00018592964824120604","0.00018592964824120604","75","75","75"
"77","0.0001857286432160804","0.0001857286432160804","0.0001857286432160804","76","76","76"
"78","0.00018552763819095478","0.00018552763819095478","0.00018552763819095478","77","77","77"
"79","0.00018532663316582915","0.00018532663316582915","0.00018532663316582915","78","78","78"
"80","0.00018512562814070353","0.00018512562814070353","0.00018512562814070353","79","79","79"
"81","0.0001849246231155779","0.0001849246231155779","0.0001849246231155779","80","80","80"
"82","0.00018472361809045227","0.00018472361809045227","0.00018472361809045227","81","81","81"
"83","0.00018452261306532662","0.00018452261306532662","0.00018452261306532662","82","82","82"
"84","0.00018432160804020102","0.00018432160804020102","0.00018432160804020102","83","83","83"
"85","0.0001841206030150754","0.0001841206030150754","0.0001841206030150754","84","84","84"
"86","0.00018391959798994977","0.00018391959798994977","0.00018391959798994977","85","85","85"
"87","0.0001837185929648241","0.0001837185929648241","0.0001837185929648241","86","86","86"
"88","0.0001835175879396985","0.0001835175879396985","0.0001835175879396985","87","87","87"
"89","0.00018331658291457288","0.00018331658291457288","0.00018331658291457288","88","88","88"
"90","0.00018311557788944723","0.00018311557788944723","0.00018311557788944723","89","89","89"
"91","0.0001829145728643216","0.0001829145728643216","0.0001829145728643216","90","90","90"
"92","0.000182713567839196","0.000182713567839196","0.000182713567839196","91","91","91"
"93","0.00018251256281407038","0.00018251256281407038","0.00018251256281407038","92","92","92"
"94","0.00018231155778894472","0.00018231155778894472","0.00018231155778894472","93","93","93"
"95","0.0001821105527638191","0.0001821105527638191","0.0001821105527638191","94","94","94"
"96","0.0001819095477386935","0.0001819095477386935","0.0001819095477386935","95","95","95"
"97","0.00018170854271356784","0.00018170854271356784","0.00018170854271356784","96","96","96"
"98","0.00018150753768844221","0.00018150753768844221","0.00018150753768844221","97","97","97"
"99","0.0001813065326633166","0.0001813065326633166","0.0001813065326633166","98","98","98"
"100","0.00018110552763819096","0.00018110552763819096","0.00018110552763819096","99","99","99"
"101","0.00018090452261306533","0.00018090452261306533","0.00018090452261306533","100","100","100"
"102","0.0001807035175879397","0.0001807035175879397","0.0001807035175879397","101","101","101"
"103","0.00018050251256281408","0.00018050251256281408","0.00018050251256281408","102","102","102"
"104","0.00018030150753768845","0.00018030150753768845","0.00018030150753768845","103","103","103"
"105","0.00018010050251256282","0.00018010050251256282","0.00018010050251256282","104","104","104"
"106","0.0001798994974874372","0.0001798994974874372","0.0001798994974874372","105","105","105"
"107","0.00017969849246231157","0.00017969849246231157","0.00017969849246231157","106","106","106"
"108","0.00017949748743718592","0.00017949748743718592","0.00017949748743718592","107","107","107"
"109","0.00017929648241206032","0.00017929648241206032","0.00017929648241206032","108","108","108"
"110","0.0001790954773869347","0.0001790954773869347","0.0001790954773869347","109","109","109"
"111","0.00017889447236180906","0.00017889447236180906","0.00017889447236180906","110","110","110"
"112","0.0001786934673366834","0.0001786934673366834","0.0001786934673366834","111","111","111"
"113","0.0001784924623115578","0.0001784924623115578","0.0001784924623115578","112","112","112"
"114","0.00017829145728643218","0.00017829145728643218","0.00017829145728643218","113","113","113"
"115","0.00017809045226130653","0.00017809045226130653","0.00017809045226130653","114","114","114"
"116","0.0001778894472361809","0.0001778894472361809","0.0001778894472361809","115","115","115"
"117","0.0001776884422110553","0.0001776884422110553","0.0001776884422110553","116","116","116"
"118","0.00017748743718592967","0.00017748743718592967","0.00017748743718592967","117","117","117"
"119","0.00017728643216080402","0.00017728643216080402","0.00017728643216080402","118","118","118"
"120","0.0001770854271356784","0.0001770854271356784","0.0001770854271356784","119","119","119"
"121","0.0001768844221105528","0.0001768844221105528","0.0001768844221105528","120","120","120"
"122","0.00017668341708542714","0.00017668341708542714","0.00017668341708542714","121","121","121"
"123","0.0001764824120603015","0.0001764824120603015","0.0001764824120603015","122","122","122"
"124","0.00017628140703517588","0.00017628140703517588","0.00017628140703517588","123","123","123"
"125","0.00017608040201005026","0.00017608040201005026","0.00017608040201005026","124","124","124"
"126","0.00017587939698492463","0.00017587939698492463","0.00017587939698492463","125","125","125"
"127","0.000175678391959799","0.000175678391959799","0.000175678391959799","126","126","126"
"128","0.00017547738693467338","0.00017547738693467338","0.00017547738693467338","127","127","127"
"129","0.00017527638190954775","0.00017527638190954775","0.00017527638190954775","128","128","128"
"130","0.00017507537688442212","0.00017507537688442212","0.00017507537688442212","129","129","129"
"131","0.0001748743718592965","0.0001748743718592965","0.0001748743718592965","130","130","130"
"132","0.00017467336683417087","0.00017467336683417087","0.00017467336683417087","131","131","131"
"133","0.00017447236180904521","0.00017447236180904521","0.00017447236180904521","132","132","132"
"134","0.00017427135678391961","0.00017427135678391961","0.00017427135678391961","133","133","133"
"135","0.000174070351758794","0.000174070351758794","0.000174070351758794","134","134","134"
"136","0.00017386934673366836","0.00017386934673366836","0.00017386934673366836","135","135","135"
"137","0.0001736683417085427","0.0001736683417085427","0.0001736683417085427","136","136","136"
"138","0.0001734673366834171","0.0001734673366834171","0.0001734673366834171","137","137","137"
"139","0.00017326633165829148","0.00017326633165829148","0.00017326633165829148","138","138","138"
"140","0.00017306532663316582","0.00017306532663316582","0.00017306532663316582","139","139","139"
"141","0.0001728643216080402","0.0001728643216080402","0.0001728643216080402","140","140","140"
"142","0.0001726633165829146","0.0001726633165829146","0.0001726633165829146","141","141","141"
"143","0.00017246231155778897","0.00017246231155778897","0.00017246231155778897","142","142","142"
"144","0.00017226130653266332","0.00017226130653266332","0.00017226130653266332","143","143","143"
"145","0.0001720603015075377","0.0001720603015075377","0.0001720603015075377","144","144","144"
"146","0.00017185929648241206","0.00017185929648241206","0.00017185929648241206","145","145","145"
"147","0.00017165829145728644","0.00017165829145728644","0.00017165829145728644","146","146","146"
"148","0.0001714572864321608","0.0001714572864321608","0.0001714572864321608","147","147","147"
"149","0.00017125628140703518","0.00017125628140703518","0.00017125628140703518","148","148","148"
"150","0.00017105527638190955","0.00017105527638190955","0.00017105527638190955","149","149","149"
"151","0.00017085427135678393","0.00017085427135678393","0.00017085427135678393","150","150","150"
"152","0.0001706532663316583","0.0001706532663316583","0.0001706532663316583","151","151","151"
"153","0.00017045226130653267","0.00017045226130653267","0.00017045226130653267","152","152","152"
"154","0.00017025125628140705","0.00017025125628140705","0.00017025125628140705","153","153","153"
"155","0.00017005025125628142","0.00017005025125628142","0.00017005025125628142","154","154","154"
"156","0.0001698492462311558","0.0001698492462311558","0.0001698492462311558","155","155","155"
"157","0.00016964824120603016","0.00016964824120603016","0.00016964824120603016","156","156","156"
"158","0.0001694472361809045","0.0001694472361809045","0.0001694472361809045","157","157","157"
"159","0.0001692462311557789","0.0001692462311557789","0.0001692462311557789","158","158","158"
"160","0.00016904522613065328","0.00016904522613065328","0.00016904522613065328","159","159","159"
"161","0.00016884422110552766","0.00016884422110552766","0.00016884422110552766","160","160","160"
"162","0.000168643216080402","0.000168643216080402","0.000168643216080402","161","161","161"
"163","0.0001684422110552764","0.0001684422110552764","0.0001684422110552764","162","162","162"
"164","0.00016824120603015078","0.00016824120603015078","0.00016824120603015078","163","163","163"
"165","0.00016804020100502512","0.00016804020100502512","0.00016804020100502512","164","164","164"
"166","0.0001678391959798995","0.0001678391959798995","0.0001678391959798995","165","165","165"
"167","0.0001676381909547739","0.0001676381909547739","0.0001676381909547739","166","166","166"
"168","0.00016743718592964827","0.00016743718592964827","0.00016743718592964827","167","167","167"
"169","0.0001672361809045226","0.0001672361809045226","0.0001672361809045226","168","168","168"
"170","0.00016703517587939699","0.00016703517587939699","0.00016703517587939699","169","169","169"
"171","0.00016683417085427136","0.00016683417085427136","0.00016683417085427136","170","170","170"
"172","0.00016663316582914573","0.00016663316582914573","0.00016663316582914573","171","171","171"
"173","0.0001664321608040201","0.0001664321608040201","0.0001664321608040201","172","172","172"
"174","0.00016623115577889448","0.00016623115577889448","0.00016623115577889448","173","173","173"
"175","0.00016603015075376885","0.00016603015075376885","0.00016603015075376885","174","174","174"
"176","0.00016582914572864322","0.00016582914572864322","0.00016582914572864322","175","175","175"
"177","0.0001656281407035176","0.0001656281407035176","0.0001656281407035176","176","176","176"
"178","0.00016542713567839197","0.00016542713567839197","0.00016542713567839197","177","177","177"
"179","0.00016522613065326634","0.00016522613065326634","0.00016522613065326634","178","178","178"
"180","0.00016502512562814072","0.00016502512562814072","0.00016502512562814072","179","179","179"
"181","0.0001648241206030151","0.0001648241206030151","0.0001648241206030151","180","180","180"
"182","0.00016462311557788946","0.00016462311557788946","0.00016462311557788946","181","181","181"
"183","0.0001644221105527638","0.0001644221105527638","0.0001644221105527638","182","182","182"
"184","0.0001642211055276382","0.0001642211055276382","0.0001642211055276382","183","183","183"
"185","0.00016402010050251258","0.00016402010050251258","0.00016402010050251258","184","184","184"
"186","0.00016381909547738695","0.00016381909547738695","0.00016381909547738695","185","185","185"
"187","0.0001636180904522613","0.0001636180904522613","0.0001636180904522613","186","186","186"
"188","0.0001634170854271357","0.0001634170854271357","0.0001634170854271357","187","187","187"
"189","0.00016321608040201007","0.00016321608040201007","0.00016321608040201007","188","188","188"
"190","0.00016301507537688442","0.00016301507537688442","0.00016301507537688442","189","189","189"
"191","0.0001628140703517588","0.0001628140703517588","0.0001628140703517588","190","190","190"
"192","0.00016261306532663316","0.00016261306532663316","0.00016261306532663316","191","191","191"
"193","0.00016241206030150756","0.00016241206030150756","0.00016241206030150756","192","192","192"
"194","0.0001622110552763819","0.0001622110552763819","0.0001622110552763819","193","193","193"
"195","0.00016201005025125628","0.00016201005025125628","0.00016201005025125628","194","194","194"
"196","0.00016180904522613066","0.00016180904522613066","0.00016180904522613066","195","195","195"
"197","0.00016160804020100503","0.00016160804020100503","0.00016160804020100503","196","196","196"
"198","0.0001614070351758794","0.0001614070351758794","0.0001614070351758794","197","197","197"
"199","0.00016120603015075378","0.00016120603015075378","0.00016120603015075378","198","198","198"
"200","0.00016100502512562815","0.00016100502512562815","0.00016100502512562815","199","199","199"
"201","0.00016080402010050252","0.00016080402010050252","0.00016080402010050252","200","200","200"
"202","0.0001606030150753769","0.0001606030150753769","0.0001606030150753769","201","201","201"
"203","0.00016040201005025127","0.00016040201005025127","0.00016040201005025127","202","202","202"
"204","0.00016020100502512564","0.00016020100502512564","0.00016020100502512564","203","203","203"
"205","0.00016","0.00016","0.00016","204","204","204"
"206","0.00015979899497487439","0.00015979899497487439","0.00015979899497487439","205","205","205"
"207","0.00015959798994974876","0.00015959798994974876","0.00015959798994974876","206","206","206"
"208","0.0001593969849246231","0.0001593969849246231","0.0001593969849246231","207","207","207"
"209","0.0001591959798994975","0.0001591959798994975","0.0001591959798994975","208","208","208"
"210","0.00015899497487437188","0.00015899497487437188","0.00015899497487437188","209","209","209"
"211","0.00015879396984924625","0.00015879396984924625","0.00015879396984924625","210","210","210"
"212","0.0001585929648241206","0.0001585929648241206","0.0001585929648241206","211","211","211"
"213","0.000158391959798995","0.000158391959798995","0.000158391959798995","212","212","212"
"214","0.00015819095477386937","0.00015819095477386937","0.00015819095477386937","213","213","213"
"215","0.00015798994974874372","0.00015798994974874372","0.00015798994974874372","214","214","214"
"216","0.0001577889447236181","0.0001577889447236181","0.0001577889447236181","215","215","215"
"217","0.00015758793969849246","0.00015758793969849246","0.00015758793969849246","216","216","216"
"218","0.00015738693467336686","0.00015738693467336686","0.00015738693467336686","217","217","217"
"219","0.0001571859296482412","0.0001571859296482412","0.0001571859296482412","218","218","218"
"220","0.00015698492462311558","0.00015698492462311558","0.00015698492462311558","219","219","219"
"221","0.00015678391959798995","0.00015678391959798995","0.00015678391959798995","220","220","220"
"222","0.00015658291457286433","0.00015658291457286433","0.00015658291457286433","221","221","221"
"223","0.0001563819095477387","0.0001563819095477387","0.0001563819095477387","222","222","222"
"224","0.00015618090452261307","0.00015618090452261307","0.00015618090452261307","223","223","223"
"225","0.00015597989949748745","0.00015597989949748745","0.00015597989949748745","224","224","224"
"226","0.00015577889447236182","0.00015577889447236182","0.00015577889447236182","225","225","225"
"227","0.0001555778894472362","0.0001555778894472362","0.0001555778894472362","226","226","226"
"228","0.00015537688442211056","0.00015537688442211056","0.00015537688442211056","227","227","227"
"229","0.00015517587939698494","0.00015517587939698494","0.00015517587939698494","228","228","228"
"230","0.0001549748743718593","0.0001549748743718593","0.0001549748743718593","229","229","229"
"231","0.00015477386934673368","0.00015477386934673368","0.00015477386934673368","230","230","230"
"232","0.00015457286432160806","0.00015457286432160806","0.00015457286432160806","231","231","231"
"233","0.0001543718592964824","0.0001543718592964824","0.0001543718592964824","232","232","232"
"234","0.0001541708542713568","0.0001541708542713568","0.0001541708542713568","233","233","233"
"235","0.00015396984924623117","0.00015396984924623117","0.00015396984924623117","234","234","234"
"236","0.00015376884422110555","0.00015376884422110555","0.00015376884422110555","235","235","235"
"237","0.0001535678391959799","0.0001535678391959799","0.0001535678391959799","236","236","236"
"238","0.00015336683417085427","0.00015336683417085427","0.00015336683417085427","237","237","237"
"239","0.00015316582914572867","0.00015316582914572867","0.00015316582914572867","238","238","238"
"240","0.000152964824120603","0.000152964824120603","0.000152964824120603","239","239","239"
"241","0.00015276381909547739","0.00015276381909547739","0.00015276381909547739","240","240","240"
"242","0.00015256281407035176","0.00015256281407035176","0.00015256281407035176","241","241","241"
"243","0.00015236180904522613","0.00015236180904522613","0.00015236180904522613","242","242","242"
"244","0.0001521608040201005","0.0001521608040201005","0.0001521608040201005","243","243","243"
"245","0.00015195979899497488","0.00015195979899497488","0.00015195979899497488","244","244","244"
"246","0.00015175879396984925","0.00015175879396984925","0.00015175879396984925","245","245","245"
"247","0.00015155778894472362","0.00015155778894472362","0.00015155778894472362","246","246","246"
"248","0.000151356783919598","0.000151356783919598","0.000151356783919598","247","247","247"
"249","0.00015115577889447237","0.00015115577889447237","0.00015115577889447237","248","248","248"
"250","0.00015095477386934674","0.00015095477386934674","0.00015095477386934674","249","249","249"
"251","0.00015075376884422112","0.00015075376884422112","0.00015075376884422112","250","250","250"
"252","0.0001505527638190955","0.0001505527638190955","0.0001505527638190955","251","251","251"
"253","0.00015035175879396986","0.00015035175879396986","0.00015035175879396986","252","252","252"
"254","0.00015015075376884423","0.00015015075376884423","0.00015015075376884423","253","253","253"
"255","0.0001499497487437186","0.0001499497487437186","0.0001499497487437186","254","254","254"
"256","0.00014974874371859298","0.00014974874371859298","0.00014974874371859298","255","255","255"
"257","0.00014954773869346735","0.00014954773869346735","0.00014954773869346735","256","256","256"
"258","0.0001493467336683417","0.0001493467336683417","0.0001493467336683417","257","257","257"
"259","0.0001491457286432161","0.0001491457286432161","0.0001491457286432161","258","258","258"
"260","0.00014894472361809047","0.00014894472361809047","0.00014894472361809047","259","259","259"
"261","0.00014874371859296482","0.00014874371859296482","0.00014874371859296482","260","260","260"
"262","0.0001485427135678392","0.0001485427135678392","0.0001485427135678392","261","261","261"
"263","0.00014834170854271356","0.00014834170854271356","0.00014834170854271356","262","262","262"
"264","0.00014814070351758796","0.00014814070351758796","0.00014814070351758796","263","263","263"
"265","0.0001479396984924623","0.0001479396984924623","0.0001479396984924623","264","264","264"
"266","0.00014773869346733668","0.00014773869346733668","0.00014773869346733668","265","265","265"
"267","0.00014753768844221106","0.00014753768844221106","0.00014753768844221106","266","266","266"
"268","0.00014733668341708543","0.00014733668341708543","0.00014733668341708543","267","267","267"
"269","0.0001471356783919598","0.0001471356783919598","0.0001471356783919598","268","268","268"
"270","0.00014693467336683417","0.00014693467336683417","0.00014693467336683417","269","269","269"
"271","0.00014673366834170855","0.00014673366834170855","0.00014673366834170855","270","270","270"
"272","0.00014653266331658292","0.00014653266331658292","0.00014653266331658292","271","271","271"
"273","0.0001463316582914573","0.0001463316582914573","0.0001463316582914573","272","272","272"
"274","0.00014613065326633167","0.00014613065326633167","0.00014613065326633167","273","273","273"
"275","0.00014592964824120604","0.00014592964824120604","0.00014592964824120604","274","274","274"
"276","0.0001457286432160804","0.0001457286432160804","0.0001457286432160804","275","275","275"
"277","0.00014552763819095479","0.00014552763819095479","0.00014552763819095479","276","276","276"
"278","0.00014532663316582916","0.00014532663316582916","0.00014532663316582916","277","277","277"
"279","0.00014512562814070353","0.00014512562814070353","0.00014512562814070353","278","278","278"
"280","0.0001449246231155779","0.0001449246231155779","0.0001449246231155779","279","279","279"
"281","0.00014472361809045228","0.00014472361809045228","0.00014472361809045228","280","280","280"
"282","0.00014452261306532665","0.00014452261306532665","0.00014452261306532665","281","281","281"
"283","0.000144321608040201","0.000144321608040201","0.000144321608040201","282","282","282"
"284","0.00014412060301507537","0.00014412060301507537","0.00014412060301507537","283","283","283"
"285","0.00014391959798994977","0.00014391959798994977","0.00014391959798994977","284","284","284"
"286","0.00014371859296482411","0.00014371859296482411","0.00014371859296482411","285","285","285"
"287","0.0001435175879396985","0.0001435175879396985","0.0001435175879396985","286","286","286"
"288","0.00014331658291457286","0.00014331658291457286","0.00014331658291457286","287","287","287"
"289","0.00014311557788944726","0.00014311557788944726","0.00014311557788944726","288","288","288"
"290","0.0001429145728643216","0.0001429145728643216","0.0001429145728643216","289","289","289"
"291","0.00014271356783919598","0.00014271356783919598","0.00014271356783919598","290","290","290"
"292","0.00014251256281407035","0.00014251256281407035","0.00014251256281407035","291","291","291"
"293","0.00014231155778894473","0.00014231155778894473","0.00014231155778894473","292","292","292"
"294","0.0001421105527638191","0.0001421105527638191","0.0001421105527638191","293","293","293"
"295","0.00014190954773869347","0.00014190954773869347","0.00014190954773869347","294","294","294"
"296","0.00014170854271356784","0.00014170854271356784","0.00014170854271356784","295","295","295"
"297","0.00014150753768844222","0.00014150753768844222","0.00014150753768844222","296","296","296"
"298","0.0001413065326633166","0.0001413065326633166","0.0001413065326633166","297","297","297"
"299","0.00014110552763819096","0.00014110552763819096","0.00014110552763819096","298","298","298"
"300","0.00014090452261306534","0.00014090452261306534","0.00014090452261306534","299","299","299"
"301","0.0001407035175879397","0.0001407035175879397","0.0001407035175879397","300","300","300"
"302","0.00014050251256281408","0.00014050251256281408","0.00014050251256281408","301","301","301"
"303","0.00014030150753768846","0.00014030150753768846","0.00014030150753768846","302","302","302"
"304","0.0001401005025125628","0.0001401005025125628","0.0001401005025125628","303","303","303"
"305","0.0001398994974874372","0.0001398994974874372","0.0001398994974874372","304","304","304"
"306","0.00013969849246231157","0.00013969849246231157","0.00013969849246231157","305","305","305"
"307","0.00013949748743718595","0.00013949748743718595","0.00013949748743718595","306","306","306"
"308","0.0001392964824120603","0.0001392964824120603","0.0001392964824120603","307","307","307"
"309","0.00013909547738693467","0.00013909547738693467","0.00013909547738693467","308","308","308"
"310","0.00013889447236180907","0.00013889447236180907","0.00013889447236180907","309","309","309"
"311","0.0001386934673366834","0.0001386934673366834","0.0001386934673366834","310","310","310"
"312","0.00013849246231155778","0.00013849246231155778","0.00013849246231155778","311","311","311"
"313","0.00013829145728643216","0.00013829145728643216","0.00013829145728643216","312","312","312"
"314","0.00013809045226130656","0.00013809045226130656","0.00013809045226130656","313","313","313"
"315","0.0001378894472361809","0.0001378894472361809","0.0001378894472361809","314","314","314"
"316","0.00013768844221105528","0.00013768844221105528","0.00013768844221105528","315","315","315"
"317","0.00013748743718592965","0.00013748743718592965","0.00013748743718592965","316","316","316"
"318","0.00013728643216080402","0.00013728643216080402","0.00013728643216080402","317","317","317"
"319","0.0001370854271356784","0.0001370854271356784","0.0001370854271356784","318","318","318"
"320","0.00013688442211055277","0.00013688442211055277","0.00013688442211055277","319","319","319"
"321","0.00013668341708542714","0.00013668341708542714","0.00013668341708542714","320","320","320"
"322","0.00013648241206030151","0.00013648241206030151","0.00013648241206030151","321","321","321"
"323","0.0001362814070351759","0.0001362814070351759","0.0001362814070351759","322","322","322"
"324","0.00013608040201005026","0.00013608040201005026","0.00013608040201005026","323","323","323"
"325","0.00013587939698492463","0.00013587939698492463","0.00013587939698492463","324","324","324"
"326","0.000135678391959799","0.000135678391959799","0.000135678391959799","325","325","325"
"327","0.00013547738693467338","0.00013547738693467338","0.00013547738693467338","326","326","326"
"328","0.00013527638190954775","0.00013527638190954775","0.00013527638190954775","327","327","327"
"329","0.0001350753768844221","0.0001350753768844221","0.0001350753768844221","328","328","328"
"330","0.00013487437185929647","0.00013487437185929647","0.00013487437185929647","329","329","329"
"331","0.00013467336683417087","0.00013467336683417087","0.00013467336683417087","330","330","330"
"332","0.00013447236180904524","0.00013447236180904524","0.00013447236180904524","331","331","331"
"333","0.0001342713567839196","0.0001342713567839196","0.0001342713567839196","332","332","332"
"334","0.00013407035175879396","0.00013407035175879396","0.00013407035175879396","333","333","333"
"335","0.00013386934673366836","0.00013386934673366836","0.00013386934673366836","334","334","334"
"336","0.0001336683417085427","0.0001336683417085427","0.0001336683417085427","335","335","335"
"337","0.00013346733668341708","0.00013346733668341708","0.00013346733668341708","336","336","336"
"338","0.00013326633165829146","0.00013326633165829146","0.00013326633165829146","337","337","337"
"339","0.00013306532663316586","0.00013306532663316586","0.00013306532663316586","338","338","338"
"340","0.0001328643216080402","0.0001328643216080402","0.0001328643216080402","339","339","339"
"341","0.00013266331658291457","0.00013266331658291457","0.00013266331658291457","340","340","340"
"342","0.00013246231155778895","0.00013246231155778895","0.00013246231155778895","341","341","341"
"343","0.00013226130653266332","0.00013226130653266332","0.00013226130653266332","342","342","342"
"344","0.0001320603015075377","0.0001320603015075377","0.0001320603015075377","343","343","343"
"345","0.00013185929648241207","0.00013185929648241207","0.00013185929648241207","344","344","344"
"346","0.00013165829145728644","0.00013165829145728644","0.00013165829145728644","345","345","345"
"347","0.0001314572864321608","0.0001314572864321608","0.0001314572864321608","346","346","346"
"348","0.00013125628140703518","0.00013125628140703518","0.00013125628140703518","347","347","347"
"349","0.00013105527638190956","0.00013105527638190956","0.00013105527638190956","348","348","348"
"350","0.00013085427135678393","0.00013085427135678393","0.00013085427135678393","349","349","349"
"351","0.0001306532663316583","0.0001306532663316583","0.0001306532663316583","350","350","350"
"352","0.00013045226130653268","0.00013045226130653268","0.00013045226130653268","351","351","351"
"353","0.00013025125628140705","0.00013025125628140705","0.00013025125628140705","352","352","352"
"354","0.0001300502512562814","0.0001300502512562814","0.0001300502512562814","353","353","353"
"355","0.00012984924623115577","0.00012984924623115577","0.00012984924623115577","354","354","354"
"356","0.00012964824120603017","0.00012964824120603017","0.00012964824120603017","355","355","355"
"357","0.00012944723618090454","0.00012944723618090454","0.00012944723618090454","356","356","356"
"358","0.0001292462311557789","0.0001292462311557789","0.0001292462311557789","357","357","357"
"359","0.00012904522613065326","0.00012904522613065326","0.00012904522613065326","358","358","358"
"360","0.00012884422110552766","0.00012884422110552766","0.00012884422110552766","359","359","359"
"361","0.000128643216080402","0.000128643216080402","0.000128643216080402","360","360","360"
"362","0.00012844221105527638","0.00012844221105527638","0.00012844221105527638","361","361","361"
"363","0.00012824120603015075","0.00012824120603015075","0.00012824120603015075","362","362","362"
"364","0.00012804020100502515","0.00012804020100502515","0.00012804020100502515","363","363","363"
"365","0.0001278391959798995","0.0001278391959798995","0.0001278391959798995","364","364","364"
"366","0.00012763819095477387","0.00012763819095477387","0.00012763819095477387","365","365","365"
"367","0.00012743718592964824","0.00012743718592964824","0.00012743718592964824","366","366","366"
"368","0.00012723618090452262","0.00012723618090452262","0.00012723618090452262","367","367","367"
"369","0.000127035175879397","0.000127035175879397","0.000127035175879397","368","368","368"
"370","0.00012683417085427136","0.00012683417085427136","0.00012683417085427136","369","369","369"
"371","0.00012663316582914574","0.00012663316582914574","0.00012663316582914574","370","370","370"
"372","0.0001264321608040201","0.0001264321608040201","0.0001264321608040201","371","371","371"
"373","0.00012623115577889448","0.00012623115577889448","0.00012623115577889448","372","372","372"
"374","0.00012603015075376885","0.00012603015075376885","0.00012603015075376885","373","373","373"
"375","0.00012582914572864323","0.00012582914572864323","0.00012582914572864323","374","374","374"
"376","0.0001256281407035176","0.0001256281407035176","0.0001256281407035176","375","375","375"
"377","0.00012542713567839197","0.00012542713567839197","0.00012542713567839197","376","376","376"
"378","0.00012522613065326635","0.00012522613065326635","0.00012522613065326635","377","377","377"
"379","0.0001250251256281407","0.0001250251256281407","0.0001250251256281407","378","378","378"
"380","0.00012482412060301507","0.00012482412060301507","0.00012482412060301507","379","379","379"
"381","0.00012462311557788947","0.00012462311557788947","0.00012462311557788947","380","380","380"
"382","0.00012442211055276384","0.00012442211055276384","0.00012442211055276384","381","381","381"
"383","0.00012422110552763818","0.00012422110552763818","0.00012422110552763818","382","382","382"
"384","0.00012402010050251256","0.00012402010050251256","0.00012402010050251256","383","383","383"
"385","0.00012381909547738696","0.00012381909547738696","0.00012381909547738696","384","384","384"
"386","0.0001236180904522613","0.0001236180904522613","0.0001236180904522613","385","385","385"
"387","0.00012341708542713568","0.00012341708542713568","0.00012341708542713568","386","386","386"
"388","0.00012321608040201005","0.00012321608040201005","0.00012321608040201005","387","387","387"
"389","0.00012301507537688445","0.00012301507537688445","0.00012301507537688445","388","388","388"
"390","0.0001228140703517588","0.0001228140703517588","0.0001228140703517588","389","389","389"
"391","0.00012261306532663317","0.00012261306532663317","0.00012261306532663317","390","390","390"
"392","0.00012241206030150754","0.00012241206030150754","0.00012241206030150754","391","391","391"
"393","0.00012221105527638191","0.00012221105527638191","0.00012221105527638191","392","392","392"
"394","0.00012201005025125629","0.00012201005025125629","0.00012201005025125629","393","393","393"
"395","0.00012180904522613066","0.00012180904522613066","0.00012180904522613066","394","394","394"
"396","0.00012160804020100502","0.00012160804020100502","0.00012160804020100502","395","395","395"
"397","0.00012140703517587942","0.00012140703517587942","0.00012140703517587942","396","396","396"
"398","0.00012120603015075378","0.00012120603015075378","0.00012120603015075378","397","397","397"
"399","0.00012100502512562815","0.00012100502512562815","0.00012100502512562815","398","398","398"
"400","0.00012080402010050251","0.00012080402010050251","0.00012080402010050251","399","399","399"
"401","0.00012060301507537688","0.00012060301507537688","0.00012060301507537688","400","400","400"
"402","0.00012040201005025127","0.00012040201005025127","0.00012040201005025127","401","401","401"
"403","0.00012020100502512563","0.00012020100502512563","0.00012020100502512563","402","402","402"
"404","0.00012","0.00012","0.00012","403","403","403"
"405","0.00011979899497487436","0.00011979899497487436","0.00011979899497487436","404","404","404"
"406","0.00011959798994974876","0.00011959798994974876","0.00011959798994974876","405","405","405"
"407","0.00011939698492462312","0.00011939698492462312","0.00011939698492462312","406","406","406"
"408","0.0001191959798994975","0.0001191959798994975","0.0001191959798994975","407","407","407"
"409","0.00011899497487437185","0.00011899497487437185","0.00011899497487437185","408","408","408"
"410","0.00011879396984924624","0.00011879396984924624","0.00011879396984924624","409","409","409"
"411","0.00011859296482412061","0.00011859296482412061","0.00011859296482412061","410","410","410"
"412","0.00011839195979899497","0.00011839195979899497","0.00011839195979899497","411","411","411"
"413","0.00011819095477386935","0.00011819095477386935","0.00011819095477386935","412","412","412"
"414","0.00011798994974874373","0.00011798994974874373","0.00011798994974874373","413","413","413"
"415","0.0001177889447236181","0.0001177889447236181","0.0001177889447236181","414","414","414"
"416","0.00011758793969849247","0.00011758793969849247","0.00011758793969849247","415","415","415"
"417","0.00011738693467336684","0.00011738693467336684","0.00011738693467336684","416","416","416"
"418","0.00011718592964824122","0.00011718592964824122","0.00011718592964824122","417","417","417"
"419","0.00011698492462311558","0.00011698492462311558","0.00011698492462311558","418","418","418"
"420","0.00011678391959798996","0.00011678391959798996","0.00011678391959798996","419","419","419"
"421","0.00011658291457286432","0.00011658291457286432","0.00011658291457286432","420","420","420"
"422","0.00011638190954773872","0.00011638190954773872","0.00011638190954773872","421","421","421"
"423","0.00011618090452261308","0.00011618090452261308","0.00011618090452261308","422","422","422"
"424","0.00011597989949748745","0.00011597989949748745","0.00011597989949748745","423","423","423"
"425","0.00011577889447236181","0.00011577889447236181","0.00011577889447236181","424","424","424"
"426","0.00011557788944723618","0.00011557788944723618","0.00011557788944723618","425","425","425"
"427","0.00011537688442211057","0.00011537688442211057","0.00011537688442211057","426","426","426"
"428","0.00011517587939698493","0.00011517587939698493","0.00011517587939698493","427","427","427"
"429","0.0001149748743718593","0.0001149748743718593","0.0001149748743718593","428","428","428"
"430","0.00011477386934673366","0.00011477386934673366","0.00011477386934673366","429","429","429"
"431","0.00011457286432160806","0.00011457286432160806","0.00011457286432160806","430","430","430"
"432","0.00011437185929648242","0.00011437185929648242","0.00011437185929648242","431","431","431"
"433","0.00011417085427135679","0.00011417085427135679","0.00011417085427135679","432","432","432"
"434","0.00011396984924623115","0.00011396984924623115","0.00011396984924623115","433","433","433"
"435","0.00011376884422110554","0.00011376884422110554","0.00011376884422110554","434","434","434"
"436","0.00011356783919597991","0.00011356783919597991","0.00011356783919597991","435","435","435"
"437","0.00011336683417085427","0.00011336683417085427","0.00011336683417085427","436","436","436"
"438","0.00011316582914572864","0.00011316582914572864","0.00011316582914572864","437","437","437"
"439","0.00011296482412060303","0.00011296482412060303","0.00011296482412060303","438","438","438"
"440","0.0001127638190954774","0.0001127638190954774","0.0001127638190954774","439","439","439"
"441","0.00011256281407035176","0.00011256281407035176","0.00011256281407035176","440","440","440"
"442","0.00011236180904522614","0.00011236180904522614","0.00011236180904522614","441","441","441"
"443","0.00011216080402010052","0.00011216080402010052","0.00011216080402010052","442","442","442"
"444","0.00011195979899497488","0.00011195979899497488","0.00011195979899497488","443","443","443"
"445","0.00011175879396984925","0.00011175879396984925","0.00011175879396984925","444","444","444"
"446","0.00011155778894472361","0.00011155778894472361","0.00011155778894472361","445","445","445"
"447","0.00011135678391959799","0.00011135678391959799","0.00011135678391959799","446","446","446"
"448","0.00011115577889447237","0.00011115577889447237","0.00011115577889447237","447","447","447"
"449","0.00011095477386934675","0.00011095477386934675","0.00011095477386934675","448","448","448"
"450","0.0001107537688442211","0.0001107537688442211","0.0001107537688442211","449","449","449"
"451","0.00011055276381909548","0.00011055276381909548","0.00011055276381909548","450","450","450"
"452","0.00011035175879396986","0.00011035175879396986","0.00011035175879396986","451","451","451"
"453","0.00011015075376884422","0.00011015075376884422","0.00011015075376884422","452","452","452"
"454","0.0001099497487437186","0.0001099497487437186","0.0001099497487437186","453","453","453"
"455","0.00010974874371859296","0.00010974874371859296","0.00010974874371859296","454","454","454"
"456","0.00010954773869346736","0.00010954773869346736","0.00010954773869346736","455","455","455"
"457","0.00010934673366834172","0.00010934673366834172","0.00010934673366834172","456","456","456"
"458","0.00010914572864321609","0.00010914572864321609","0.00010914572864321609","457","457","457"
"459","0.00010894472361809045","0.00010894472361809045","0.00010894472361809045","458","458","458"
"460","0.00010874371859296483","0.00010874371859296483","0.00010874371859296483","459","459","459"
"461","0.00010854271356783921","0.00010854271356783921","0.00010854271356783921","460","460","460"
"462","0.00010834170854271357","0.00010834170854271357","0.00010834170854271357","461","461","461"
"463","0.00010814070351758794","0.00010814070351758794","0.00010814070351758794","462","462","462"
"464","0.00010793969849246233","0.00010793969849246233","0.00010793969849246233","463","463","463"
"465","0.0001077386934673367","0.0001077386934673367","0.0001077386934673367","464","464","464"
"466","0.00010753768844221106","0.00010753768844221106","0.00010753768844221106","465","465","465"
"467","0.00010733668341708543","0.00010733668341708543","0.00010733668341708543","466","466","466"
"468","0.00010713567839195982","0.00010713567839195982","0.00010713567839195982","467","467","467"
"469","0.00010693467336683418","0.00010693467336683418","0.00010693467336683418","468","468","468"
"470","0.00010673366834170855","0.00010673366834170855","0.00010673366834170855","469","469","469"
"471","0.00010653266331658291","0.00010653266331658291","0.00010653266331658291","470","470","470"
"472","0.00010633165829145728","0.00010633165829145728","0.00010633165829145728","471","471","471"
"473","0.00010613065326633167","0.00010613065326633167","0.00010613065326633167","472","472","472"
"474","0.00010592964824120604","0.00010592964824120604","0.00010592964824120604","473","473","473"
"475","0.0001057286432160804","0.0001057286432160804","0.0001057286432160804","474","474","474"
"476","0.00010552763819095478","0.00010552763819095478","0.00010552763819095478","475","475","475"
"477","0.00010532663316582916","0.00010532663316582916","0.00010532663316582916","476","476","476"
"478","0.00010512562814070352","0.00010512562814070352","0.00010512562814070352","477","477","477"
"479","0.0001049246231155779","0.0001049246231155779","0.0001049246231155779","478","478","478"
"480","0.00010472361809045225","0.00010472361809045225","0.00010472361809045225","479","479","479"
"481","0.00010452261306532664","0.00010452261306532664","0.00010452261306532664","480","480","480"
"482","0.00010432160804020101","0.00010432160804020101","0.00010432160804020101","481","481","481"
"483","0.00010412060301507539","0.00010412060301507539","0.00010412060301507539","482","482","482"
"484","0.00010391959798994975","0.00010391959798994975","0.00010391959798994975","483","483","483"
"485","0.00010371859296482413","0.00010371859296482413","0.00010371859296482413","484","484","484"
"486","0.0001035175879396985","0.0001035175879396985","0.0001035175879396985","485","485","485"
"487","0.00010331658291457286","0.00010331658291457286","0.00010331658291457286","486","486","486"
"488","0.00010311557788944724","0.00010311557788944724","0.00010311557788944724","487","487","487"
"489","0.00010291457286432162","0.00010291457286432162","0.00010291457286432162","488","488","488"
"490","0.00010271356783919598","0.00010271356783919598","0.00010271356783919598","489","489","489"
"491","0.00010251256281407036","0.00010251256281407036","0.00010251256281407036","490","490","490"
"492","0.00010231155778894473","0.00010231155778894473","0.00010231155778894473","491","491","491"
"493","0.00010211055276381909","0.00010211055276381909","0.00010211055276381909","492","492","492"
"494","0.00010190954773869348","0.00010190954773869348","0.00010190954773869348","493","493","493"
"495","0.00010170854271356785","0.00010170854271356785","0.00010170854271356785","494","494","494"
"496","0.00010150753768844221","0.00010150753768844221","0.00010150753768844221","495","495","495"
"497","0.00010130653266331658","0.00010130653266331658","0.00010130653266331658","496","496","496"
"498","0.00010110552763819097","0.00010110552763819097","0.00010110552763819097","497","497","497"
"499","0.00010090452261306533","0.00010090452261306533","0.00010090452261306533","498","498","498"
"500","0.0001007035175879397","0.0001007035175879397","0.0001007035175879397","499","499","499"
"501","0.00010050251256281407","0.00010050251256281407","0.00010050251256281407","500","500","500"
"502","0.00010030150753768846","0.00010030150753768846","0.00010030150753768846","501","501","501"
"503","0.00010010050251256282","0.00010010050251256282","0.00010010050251256282","502","502","502"
"504","0.00009989949748743719","0.00009989949748743719","0.00009989949748743719","503","503","503"
"505","0.00009969849246231156","0.00009969849246231156","0.00009969849246231156","504","504","504"
"506","0.00009949748743718594","0.00009949748743718594","0.00009949748743718594","505","505","505"
"507","0.00009929648241206031","0.00009929648241206031","0.00009929648241206031","506","506","506"
"508","0.00009909547738693468","0.00009909547738693468","0.00009909547738693468","507","507","507"
"509","0.00009889447236180906","0.00009889447236180906","0.00009889447236180906","508","508","508"
"510","0.00009869346733668342","0.00009869346733668342","0.00009869346733668342","509","509","509"
"511","0.0000984924623115578","0.0000984924623115578","0.0000984924623115578","510","510","510"
"512","0.00009829145728643216","0.00009829145728643216","0.00009829145728643216","511","511","511"
"513","0.00009809045226130655","0.00009809045226130655","0.00009809045226130655","512","512","512"
"514","0.00009788944723618091","0.00009788944723618091","0.00009788944723618091","513","513","513"
"515","0.00009768844221105528","0.00009768844221105528","0.00009768844221105528","514","514","514"
"516","0.00009748743718592965","0.00009748743718592965","0.00009748743718592965","515","515","515"
"517","0.00009728643216080403","0.00009728643216080403","0.00009728643216080403","516","516","516"
"518","0.0000970854271356784","0.0000970854271356784","0.0000970854271356784","517","517","517"
"519","0.00009688442211055276","0.00009688442211055276","0.00009688442211055276","518","518","518"
"520","0.00009668341708542715","0.00009668341708542715","0.00009668341708542715","519","519","519"
"521","0.0000964824120603015","0.0000964824120603015","0.0000964824120603015","520","520","520"
"522","0.00009628140703517589","0.00009628140703517589","0.00009628140703517589","521","521","521"
"523","0.00009608040201005025","0.00009608040201005025","0.00009608040201005025","522","522","522"
"524","0.00009587939698492462","0.00009587939698492462","0.00009587939698492462","523","523","523"
"525","0.000095678391959799","0.000095678391959799","0.000095678391959799","524","524","524"
"526","0.00009547738693467337","0.00009547738693467337","0.00009547738693467337","525","525","525"
"527","0.00009527638190954774","0.00009527638190954774","0.00009527638190954774","526","526","526"
"528","0.00009507537688442212","0.00009507537688442212","0.00009507537688442212","527","527","527"
"529","0.00009487437185929649","0.00009487437185929649","0.00009487437185929649","528","528","528"
"530","0.00009467336683417086","0.00009467336683417086","0.00009467336683417086","529","529","529"
"531","0.00009447236180904523","0.00009447236180904523","0.00009447236180904523","530","530","530"
"532","0.00009427135678391961","0.00009427135678391961","0.00009427135678391961","531","531","531"
"533","0.00009407035175879397","0.00009407035175879397","0.00009407035175879397","532","532","532"
"534","0.00009386934673366835","0.00009386934673366835","0.00009386934673366835","533","533","533"
"535","0.00009366834170854271","0.00009366834170854271","0.00009366834170854271","534","534","534"
"536","0.0000934673366834171","0.0000934673366834171","0.0000934673366834171","535","535","535"
"537","0.00009326633165829146","0.00009326633165829146","0.00009326633165829146","536","536","536"
"538","0.00009306532663316585","0.00009306532663316585","0.00009306532663316585","537","537","537"
"539","0.0000928643216080402","0.0000928643216080402","0.0000928643216080402","538","538","538"
"540","0.00009266331658291458","0.00009266331658291458","0.00009266331658291458","539","539","539"
"541","0.00009246231155778895","0.00009246231155778895","0.00009246231155778895","540","540","540"
"542","0.00009226130653266331","0.00009226130653266331","0.00009226130653266331","541","541","541"
"543","0.0000920603015075377","0.0000920603015075377","0.0000920603015075377","542","542","542"
"544","0.00009185929648241206","0.00009185929648241206","0.00009185929648241206","543","543","543"
"545","0.00009165829145728644","0.00009165829145728644","0.00009165829145728644","544","544","544"
"546","0.0000914572864321608","0.0000914572864321608","0.0000914572864321608","545","545","545"
"547","0.00009125628140703519","0.00009125628140703519","0.00009125628140703519","546","546","546"
"548","0.00009105527638190955","0.00009105527638190955","0.00009105527638190955","547","547","547"
"549","0.00009085427135678392","0.00009085427135678392","0.00009085427135678392","548","548","548"
"550","0.0000906532663316583","0.0000906532663316583","0.0000906532663316583","549","549","549"
"551","0.00009045226130653267","0.00009045226130653267","0.00009045226130653267","550","550","550"
"552","0.00009025125628140704","0.00009025125628140704","0.00009025125628140704","551","551","551"
"553","0.00009005025125628141","0.00009005025125628141","0.00009005025125628141","552","552","552"
"554","0.00008984924623115579","0.00008984924623115579","0.00008984924623115579","553","553","553"
"555","0.00008964824120603016","0.00008964824120603016","0.00008964824120603016","554","554","554"
"556","0.00008944723618090453","0.00008944723618090453","0.00008944723618090453","555","555","555"
"557","0.0000892462311557789","0.0000892462311557789","0.0000892462311557789","556","556","556"
"558","0.00008904522613065326","0.00008904522613065326","0.00008904522613065326","557","557","557"
"559","0.00008884422110552765","0.00008884422110552765","0.00008884422110552765","558","558","558"
"560","0.00008864321608040201","0.00008864321608040201","0.00008864321608040201","559","559","559"
"561","0.0000884422110552764","0.0000884422110552764","0.0000884422110552764","560","560","560"
"562","0.00008824120603015076","0.00008824120603015076","0.00008824120603015076","561","561","561"
"563","0.00008804020100502513","0.00008804020100502513","0.00008804020100502513","562","562","562"
"564","0.0000878391959798995","0.0000878391959798995","0.0000878391959798995","563","563","563"
"565","0.00008763819095477387","0.00008763819095477387","0.00008763819095477387","564","564","564"
"566","0.00008743718592964825","0.00008743718592964825","0.00008743718592964825","565","565","565"
"567","0.00008723618090452261","0.00008723618090452261","0.00008723618090452261","566","566","566"
"568","0.000087035175879397","0.000087035175879397","0.000087035175879397","567","567","567"
"569","0.00008683417085427135","0.00008683417085427135","0.00008683417085427135","568","568","568"
"570","0.00008663316582914574","0.00008663316582914574","0.00008663316582914574","569","569","569"
"571","0.0000864321608040201","0.0000864321608040201","0.0000864321608040201","570","570","570"
"572","0.00008623115577889449","0.00008623115577889449","0.00008623115577889449","571","571","571"
"573","0.00008603015075376884","0.00008603015075376884","0.00008603015075376884","572","572","572"
"574","0.00008582914572864322","0.00008582914572864322","0.00008582914572864322","573","573","573"
"575","0.00008562814070351759","0.00008562814070351759","0.00008562814070351759","574","574","574"
"576","0.00008542713567839196","0.00008542713567839196","0.00008542713567839196","575","575","575"
"577","0.00008522613065326634","0.00008522613065326634","0.00008522613065326634","576","576","576"
"578","0.00008502512562814071","0.00008502512562814071","0.00008502512562814071","577","577","577"
"579","0.00008482412060301508","0.00008482412060301508","0.00008482412060301508","578","578","578"
"580","0.00008462311557788946","0.00008462311557788946","0.00008462311557788946","579","579","579"
"581","0.00008442211055276383","0.00008442211055276383","0.00008442211055276383","580","580","580"
"582","0.0000842211055276382","0.0000842211055276382","0.0000842211055276382","581","581","581"
"583","0.00008402010050251256","0.00008402010050251256","0.00008402010050251256","582","582","582"
"584","0.00008381909547738695","0.00008381909547738695","0.00008381909547738695","583","583","583"
"585","0.0000836180904522613","0.0000836180904522613","0.0000836180904522613","584","584","584"
"586","0.00008341708542713568","0.00008341708542713568","0.00008341708542713568","585","585","585"
"587","0.00008321608040201005","0.00008321608040201005","0.00008321608040201005","586","586","586"
"588","0.00008301507537688443","0.00008301507537688443","0.00008301507537688443","587","587","587"
"589","0.0000828140703517588","0.0000828140703517588","0.0000828140703517588","588","588","588"
"590","0.00008261306532663317","0.00008261306532663317","0.00008261306532663317","589","589","589"
"591","0.00008241206030150754","0.00008241206030150754","0.00008241206030150754","590","590","590"
"592","0.0000822110552763819","0.0000822110552763819","0.0000822110552763819","591","591","591"
"593","0.00008201005025125629","0.00008201005025125629","0.00008201005025125629","592","592","592"
"594","0.00008180904522613065","0.00008180904522613065","0.00008180904522613065","593","593","593"
"595","0.00008160804020100504","0.00008160804020100504","0.00008160804020100504","594","594","594"
"596","0.0000814070351758794","0.0000814070351758794","0.0000814070351758794","595","595","595"
"597","0.00008120603015075378","0.00008120603015075378","0.00008120603015075378","596","596","596"
"598","0.00008100502512562814","0.00008100502512562814","0.00008100502512562814","597","597","597"
"599","0.00008080402010050251","0.00008080402010050251","0.00008080402010050251","598","598","598"
"600","0.00008060301507537689","0.00008060301507537689","0.00008060301507537689","599","599","599"
"601","0.00008040201005025126","0.00008040201005025126","0.00008040201005025126","600","600","600"
"602","0.00008020100502512563","0.00008020100502512563","0.00008020100502512563","601","601","601"
"603","0.00008","0.00008","0.00008","602","602","602"
"604","0.00007979899497487438","0.00007979899497487438","0.00007979899497487438","603","603","603"
"605","0.00007959798994974875","0.00007959798994974875","0.00007959798994974875","604","604","604"
"606","0.00007939698492462313","0.00007939698492462313","0.00007939698492462313","605","605","605"
"607","0.0000791959798994975","0.0000791959798994975","0.0000791959798994975","606","606","606"
"608","0.00007899497487437186","0.00007899497487437186","0.00007899497487437186","607","607","607"
"609","0.00007879396984924623","0.00007879396984924623","0.00007879396984924623","608","608","608"
"610","0.0000785929648241206","0.0000785929648241206","0.0000785929648241206","609","609","609"
"611","0.00007839195979899498","0.00007839195979899498","0.00007839195979899498","610","610","610"
"612","0.00007819095477386935","0.00007819095477386935","0.00007819095477386935","611","611","611"
"613","0.00007798994974874372","0.00007798994974874372","0.00007798994974874372","612","612","612"
"614","0.0000777889447236181","0.0000777889447236181","0.0000777889447236181","613","613","613"
"615","0.00007758793969849247","0.00007758793969849247","0.00007758793969849247","614","614","614"
"616","0.00007738693467336684","0.00007738693467336684","0.00007738693467336684","615","615","615"
"617","0.0000771859296482412","0.0000771859296482412","0.0000771859296482412","616","616","616"
"618","0.00007698492462311559","0.00007698492462311559","0.00007698492462311559","617","617","617"
"619","0.00007678391959798995","0.00007678391959798995","0.00007678391959798995","618","618","618"
"620","0.00007658291457286433","0.00007658291457286433","0.00007658291457286433","619","619","619"
"621","0.00007638190954773869","0.00007638190954773869","0.00007638190954773869","620","620","620"
"622","0.00007618090452261307","0.00007618090452261307","0.00007618090452261307","621","621","621"
"623","0.00007597989949748744","0.00007597989949748744","0.00007597989949748744","622","622","622"
"624","0.00007577889447236181","0.00007577889447236181","0.00007577889447236181","623","623","623"
"625","0.00007557788944723618","0.00007557788944723618","0.00007557788944723618","624","624","624"
"626","0.00007537688442211056","0.00007537688442211056","0.00007537688442211056","625","625","625"
"627","0.00007517587939698493","0.00007517587939698493","0.00007517587939698493","626","626","626"
"628","0.0000749748743718593","0.0000749748743718593","0.0000749748743718593","627","627","627"
"629","0.00007477386934673368","0.00007477386934673368","0.00007477386934673368","628","628","628"
"630","0.00007457286432160805","0.00007457286432160805","0.00007457286432160805","629","629","629"
"631","0.00007437185929648241","0.00007437185929648241","0.00007437185929648241","630","630","630"
"632","0.00007417085427135678","0.00007417085427135678","0.00007417085427135678","631","631","631"
"633","0.00007396984924623115","0.00007396984924623115","0.00007396984924623115","632","632","632"
"634","0.00007376884422110553","0.00007376884422110553","0.00007376884422110553","633","633","633"
"635","0.0000735678391959799","0.0000735678391959799","0.0000735678391959799","634","634","634"
"636","0.00007336683417085427","0.00007336683417085427","0.00007336683417085427","635","635","635"
"637","0.00007316582914572865","0.00007316582914572865","0.00007316582914572865","636","636","636"
"638","0.00007296482412060302","0.00007296482412060302","0.00007296482412060302","637","637","637"
"639","0.00007276381909547739","0.00007276381909547739","0.00007276381909547739","638","638","638"
"640","0.00007256281407035177","0.00007256281407035177","0.00007256281407035177","639","639","639"
"641","0.00007236180904522614","0.00007236180904522614","0.00007236180904522614","640","640","640"
"642","0.0000721608040201005","0.0000721608040201005","0.0000721608040201005","641","641","641"
"643","0.00007195979899497488","0.00007195979899497488","0.00007195979899497488","642","642","642"
"644","0.00007175879396984924","0.00007175879396984924","0.00007175879396984924","643","643","643"
"645","0.00007155778894472363","0.00007155778894472363","0.00007155778894472363","644","644","644"
"646","0.00007135678391959799","0.00007135678391959799","0.00007135678391959799","645","645","645"
"647","0.00007115577889447236","0.00007115577889447236","0.00007115577889447236","646","646","646"
"648","0.00007095477386934674","0.00007095477386934674","0.00007095477386934674","647","647","647"
"649","0.00007075376884422111","0.00007075376884422111","0.00007075376884422111","648","648","648"
"650","0.00007055276381909548","0.00007055276381909548","0.00007055276381909548","649","649","649"
"651","0.00007035175879396985","0.00007035175879396985","0.00007035175879396985","650","650","650"
"652","0.00007015075376884423","0.00007015075376884423","0.00007015075376884423","651","651","651"
"653","0.0000699497487437186","0.0000699497487437186","0.0000699497487437186","652","652","652"
"654","0.00006974874371859297","0.00006974874371859297","0.00006974874371859297","653","653","653"
"655","0.00006954773869346733","0.00006954773869346733","0.00006954773869346733","654","654","654"
"656","0.0000693467336683417","0.0000693467336683417","0.0000693467336683417","655","655","655"
"657","0.00006914572864321608","0.00006914572864321608","0.00006914572864321608","656","656","656"
"658","0.00006894472361809045","0.00006894472361809045","0.00006894472361809045","657","657","657"
"659","0.00006874371859296482","0.00006874371859296482","0.00006874371859296482","658","658","658"
"660","0.0000685427135678392","0.0000685427135678392","0.0000685427135678392","659","659","659"
"661","0.00006834170854271357","0.00006834170854271357","0.00006834170854271357","660","660","660"
"662","0.00006814070351758794","0.00006814070351758794","0.00006814070351758794","661","661","661"
"663","0.00006793969849246232","0.00006793969849246232","0.00006793969849246232","662","662","662"
"664","0.00006773869346733669","0.00006773869346733669","0.00006773869346733669","663","663","663"
"665","0.00006753768844221105","0.00006753768844221105","0.00006753768844221105","664","664","664"
"666","0.00006733668341708544","0.00006733668341708544","0.00006733668341708544","665","665","665"
"667","0.0000671356783919598","0.0000671356783919598","0.0000671356783919598","666","666","666"
"668","0.00006693467336683418","0.00006693467336683418","0.00006693467336683418","667","667","667"
"669","0.00006673366834170854","0.00006673366834170854","0.00006673366834170854","668","668","668"
"670","0.00006653266331658293","0.00006653266331658293","0.00006653266331658293","669","669","669"
"671","0.00006633165829145729","0.00006633165829145729","0.00006633165829145729","670","670","670"
"672","0.00006613065326633166","0.00006613065326633166","0.00006613065326633166","671","671","671"
"673","0.00006592964824120603","0.00006592964824120603","0.00006592964824120603","672","672","672"
"674","0.0000657286432160804","0.0000657286432160804","0.0000657286432160804","673","673","673"
"675","0.00006552763819095478","0.00006552763819095478","0.00006552763819095478","674","674","674"
"676","0.00006532663316582915","0.00006532663316582915","0.00006532663316582915","675","675","675"
"677","0.00006512562814070352","0.00006512562814070352","0.00006512562814070352","676","676","676"
"678","0.00006492462311557788","0.00006492462311557788","0.00006492462311557788","677","677","677"
"679","0.00006472361809045227","0.00006472361809045227","0.00006472361809045227","678","678","678"
"680","0.00006452261306532663","0.00006452261306532663","0.00006452261306532663","679","679","679"
"681","0.000064321608040201","0.000064321608040201","0.000064321608040201","680","680","680"
"682","0.00006412060301507538","0.00006412060301507538","0.00006412060301507538","681","681","681"
"683","0.00006391959798994975","0.00006391959798994975","0.00006391959798994975","682","682","682"
"684","0.00006371859296482412","0.00006371859296482412","0.00006371859296482412","683","683","683"
"685","0.0000635175879396985","0.0000635175879396985","0.0000635175879396985","684","684","684"
"686","0.00006331658291457287","0.00006331658291457287","0.00006331658291457287","685","685","685"
"687","0.00006311557788944724","0.00006311557788944724","0.00006311557788944724","686","686","686"
"688","0.00006291457286432161","0.00006291457286432161","0.00006291457286432161","687","687","687"
"689","0.00006271356783919599","0.00006271356783919599","0.00006271356783919599","688","688","688"
"690","0.00006251256281407035","0.00006251256281407035","0.00006251256281407035","689","689","689"
"691","0.00006231155778894473","0.00006231155778894473","0.00006231155778894473","690","690","690"
"692","0.00006211055276381909","0.00006211055276381909","0.00006211055276381909","691","691","691"
"693","0.00006190954773869348","0.00006190954773869348","0.00006190954773869348","692","692","692"
"694","0.00006170854271356784","0.00006170854271356784","0.00006170854271356784","693","693","693"
"695","0.00006150753768844222","0.00006150753768844222","0.00006150753768844222","694","694","694"
"696","0.00006130653266331658","0.00006130653266331658","0.00006130653266331658","695","695","695"
"697","0.00006110552763819096","0.00006110552763819096","0.00006110552763819096","696","696","696"
"698","0.00006090452261306533","0.00006090452261306533","0.00006090452261306533","697","697","697"
"699","0.00006070351758793971","0.00006070351758793971","0.00006070351758793971","698","698","698"
"700","0.000060502512562814076","0.000060502512562814076","0.000060502512562814076","699","699","699"
"701","0.00006030150753768844","0.00006030150753768844","0.00006030150753768844","700","700","700"
"702","0.000060100502512562815","0.000060100502512562815","0.000060100502512562815","701","701","701"
"703","0.00005989949748743718","0.00005989949748743718","0.00005989949748743718","702","702","702"
"704","0.00005969849246231156","0.00005969849246231156","0.00005969849246231156","703","703","703"
"705","0.00005949748743718593","0.00005949748743718593","0.00005949748743718593","704","704","704"
"706","0.00005929648241206031","0.00005929648241206031","0.00005929648241206031","705","705","705"
"707","0.00005909547738693467","0.00005909547738693467","0.00005909547738693467","706","706","706"
"708","0.00005889447236180905","0.00005889447236180905","0.00005889447236180905","707","707","707"
"709","0.00005869346733668342","0.00005869346733668342","0.00005869346733668342","708","708","708"
"710","0.00005849246231155779","0.00005849246231155779","0.00005849246231155779","709","709","709"
"711","0.00005829145728643216","0.00005829145728643216","0.00005829145728643216","710","710","710"
"712","0.00005809045226130654","0.00005809045226130654","0.00005809045226130654","711","711","711"
"713","0.000057889447236180904","0.000057889447236180904","0.000057889447236180904","712","712","712"
"714","0.000057688442211055284","0.000057688442211055284","0.000057688442211055284","713","713","713"
"715","0.00005748743718592965","0.00005748743718592965","0.00005748743718592965","714","714","714"
"716","0.00005728643216080403","0.00005728643216080403","0.00005728643216080403","715","715","715"
"717","0.000057085427135678396","0.000057085427135678396","0.000057085427135678396","716","716","716"
"718","0.00005688442211055277","0.00005688442211055277","0.00005688442211055277","717","717","717"
"719","0.000056683417085427135","0.000056683417085427135","0.000056683417085427135","718","718","718"
"720","0.000056482412060301515","0.000056482412060301515","0.000056482412060301515","719","719","719"
"721","0.00005628140703517588","0.00005628140703517588","0.00005628140703517588","720","720","720"
"722","0.00005608040201005026","0.00005608040201005026","0.00005608040201005026","721","721","721"
"723","0.00005587939698492463","0.00005587939698492463","0.00005587939698492463","722","722","722"
"724","0.00005567839195979899","0.00005567839195979899","0.00005567839195979899","723","723","723"
"725","0.00005547738693467337","0.00005547738693467337","0.00005547738693467337","724","724","724"
"726","0.00005527638190954774","0.00005527638190954774","0.00005527638190954774","725","725","725"
"727","0.00005507537688442211","0.00005507537688442211","0.00005507537688442211","726","726","726"
"728","0.00005487437185929648","0.00005487437185929648","0.00005487437185929648","727","727","727"
"729","0.00005467336683417086","0.00005467336683417086","0.00005467336683417086","728","728","728"
"730","0.000054472361809045224","0.000054472361809045224","0.000054472361809045224","729","729","729"
"731","0.000054271356783919604","0.000054271356783919604","0.000054271356783919604","730","730","730"
"732","0.00005407035175879397","0.00005407035175879397","0.00005407035175879397","731","731","731"
"733","0.00005386934673366835","0.00005386934673366835","0.00005386934673366835","732","732","732"
"734","0.000053668341708542716","0.000053668341708542716","0.000053668341708542716","733","733","733"
"735","0.00005346733668341709","0.00005346733668341709","0.00005346733668341709","734","734","734"
"736","0.000053266331658291455","0.000053266331658291455","0.000053266331658291455","735","735","735"
"737","0.000053065326633165835","0.000053065326633165835","0.000053065326633165835","736","736","736"
"738","0.0000528643216080402","0.0000528643216080402","0.0000528643216080402","737","737","737"
"739","0.00005266331658291458","0.00005266331658291458","0.00005266331658291458","738","738","738"
"740","0.00005246231155778895","0.00005246231155778895","0.00005246231155778895","739","739","739"
"741","0.00005226130653266332","0.00005226130653266332","0.00005226130653266332","740","740","740"
"742","0.00005206030150753769","0.00005206030150753769","0.00005206030150753769","741","741","741"
"743","0.000051859296482412066","0.000051859296482412066","0.000051859296482412066","742","742","742"
"744","0.00005165829145728643","0.00005165829145728643","0.00005165829145728643","743","743","743"
"745","0.00005145728643216081","0.00005145728643216081","0.00005145728643216081","744","744","744"
"746","0.00005125628140703518","0.00005125628140703518","0.00005125628140703518","745","745","745"
"747","0.000051055276381909544","0.000051055276381909544","0.000051055276381909544","746","746","746"
"748","0.000050854271356783924","0.000050854271356783924","0.000050854271356783924","747","747","747"
"749","0.00005065326633165829","0.00005065326633165829","0.00005065326633165829","748","748","748"
"750","0.00005045226130653266","0.00005045226130653266","0.00005045226130653266","749","749","749"
"751","0.000050251256281407036","0.000050251256281407036","0.000050251256281407036","750","750","750"
"752","0.00005005025125628141","0.00005005025125628141","0.00005005025125628141","751","751","751"
"753","0.00004984924623115578","0.00004984924623115578","0.00004984924623115578","752","752","752"
"754","0.000049648241206030155","0.000049648241206030155","0.000049648241206030155","753","753","753"
"755","0.00004944723618090453","0.00004944723618090453","0.00004944723618090453","754","754","754"
"756","0.0000492462311557789","0.0000492462311557789","0.0000492462311557789","755","755","755"
"757","0.000049045226130653274","0.000049045226130653274","0.000049045226130653274","756","756","756"
"758","0.00004884422110552764","0.00004884422110552764","0.00004884422110552764","757","757","757"
"759","0.00004864321608040201","0.00004864321608040201","0.00004864321608040201","758","758","758"
"760","0.00004844221105527638","0.00004844221105527638","0.00004844221105527638","759","759","759"
"761","0.00004824120603015075","0.00004824120603015075","0.00004824120603015075","760","760","760"
"762","0.000048040201005025125","0.000048040201005025125","0.000048040201005025125","761","761","761"
"763","0.0000478391959798995","0.0000478391959798995","0.0000478391959798995","762","762","762"
"764","0.00004763819095477387","0.00004763819095477387","0.00004763819095477387","763","763","763"
"765","0.000047437185929648244","0.000047437185929648244","0.000047437185929648244","764","764","764"
"766","0.00004723618090452262","0.00004723618090452262","0.00004723618090452262","765","765","765"
"767","0.00004703517587939698","0.00004703517587939698","0.00004703517587939698","766","766","766"
"768","0.000046834170854271356","0.000046834170854271356","0.000046834170854271356","767","767","767"
"769","0.00004663316582914573","0.00004663316582914573","0.00004663316582914573","768","768","768"
"770","0.0000464321608040201","0.0000464321608040201","0.0000464321608040201","769","769","769"
"771","0.000046231155778894475","0.000046231155778894475","0.000046231155778894475","770","770","770"
"772","0.00004603015075376885","0.00004603015075376885","0.00004603015075376885","771","771","771"
"773","0.00004582914572864322","0.00004582914572864322","0.00004582914572864322","772","772","772"
"774","0.000045628140703517594","0.000045628140703517594","0.000045628140703517594","773","773","773"
"775","0.00004542713567839196","0.00004542713567839196","0.00004542713567839196","774","774","774"
"776","0.00004522613065326633","0.00004522613065326633","0.00004522613065326633","775","775","775"
"777","0.000045025125628140706","0.000045025125628140706","0.000045025125628140706","776","776","776"
"778","0.00004482412060301508","0.00004482412060301508","0.00004482412060301508","777","777","777"
"779","0.00004462311557788945","0.00004462311557788945","0.00004462311557788945","778","778","778"
"780","0.000044422110552763825","0.000044422110552763825","0.000044422110552763825","779","779","779"
"781","0.0000442211055276382","0.0000442211055276382","0.0000442211055276382","780","780","780"
"782","0.000044020100502512564","0.000044020100502512564","0.000044020100502512564","781","781","781"
"783","0.00004381909547738694","0.00004381909547738694","0.00004381909547738694","782","782","782"
"784","0.000043618090452261303","0.000043618090452261303","0.000043618090452261303","783","783","783"
"785","0.000043417085427135676","0.000043417085427135676","0.000043417085427135676","784","784","784"
"786","0.00004321608040201005","0.00004321608040201005","0.00004321608040201005","785","785","785"
"787","0.00004301507537688442","0.00004301507537688442","0.00004301507537688442","786","786","786"
"788","0.000042814070351758795","0.000042814070351758795","0.000042814070351758795","787","787","787"
"789","0.00004261306532663317","0.00004261306532663317","0.00004261306532663317","788","788","788"
"790","0.00004241206030150754","0.00004241206030150754","0.00004241206030150754","789","789","789"
"791","0.000042211055276381914","0.000042211055276381914","0.000042211055276381914","790","790","790"
"792","0.00004201005025125628","0.00004201005025125628","0.00004201005025125628","791","791","791"
"793","0.00004180904522613065","0.00004180904522613065","0.00004180904522613065","792","792","792"
"794","0.000041608040201005026","0.000041608040201005026","0.000041608040201005026","793","793","793"
"795","0.0000414070351758794","0.0000414070351758794","0.0000414070351758794","794","794","794"
"796","0.00004120603015075377","0.00004120603015075377","0.00004120603015075377","795","795","795"
"797","0.000041005025125628145","0.000041005025125628145","0.000041005025125628145","796","796","796"
"798","0.00004080402010050252","0.00004080402010050252","0.00004080402010050252","797","797","797"
"799","0.00004060301507537689","0.00004060301507537689","0.00004060301507537689","798","798","798"
"800","0.00004040201005025126","0.00004040201005025126","0.00004040201005025126","799","799","799"
"801","0.00004020100502512563","0.00004020100502512563","0.00004020100502512563","800","800","800"
"802","0.00004","0.00004","0.00004","801","801","801"
"803","0.000039798994974874376","0.000039798994974874376","0.000039798994974874376","802","802","802"
"804","0.00003959798994974875","0.00003959798994974875","0.00003959798994974875","803","803","803"
"805","0.000039396984924623115","0.000039396984924623115","0.000039396984924623115","804","804","804"
"806","0.00003919597989949749","0.00003919597989949749","0.00003919597989949749","805","805","805"
"807","0.00003899497487437186","0.00003899497487437186","0.00003899497487437186","806","806","806"
"808","0.000038793969849246234","0.000038793969849246234","0.000038793969849246234","807","807","807"
"809","0.0000385929648241206","0.0000385929648241206","0.0000385929648241206","808","808","808"
"810","0.000038391959798994973","0.000038391959798994973","0.000038391959798994973","809","809","809"
"811","0.000038190954773869346","0.000038190954773869346","0.000038190954773869346","810","810","810"
"812","0.00003798994974874372","0.00003798994974874372","0.00003798994974874372","811","811","811"
"813","0.00003778894472361809","0.00003778894472361809","0.00003778894472361809","812","812","812"
"814","0.000037587939698492465","0.000037587939698492465","0.000037587939698492465","813","813","813"
"815","0.00003738693467336684","0.00003738693467336684","0.00003738693467336684","814","814","814"
"816","0.000037185929648241204","0.000037185929648241204","0.000037185929648241204","815","815","815"
"817","0.00003698492462311558","0.00003698492462311558","0.00003698492462311558","816","816","816"
"818","0.00003678391959798995","0.00003678391959798995","0.00003678391959798995","817","817","817"
"819","0.00003658291457286432","0.00003658291457286432","0.00003658291457286432","818","818","818"
"820","0.000036381909547738696","0.000036381909547738696","0.000036381909547738696","819","819","819"
"821","0.00003618090452261307","0.00003618090452261307","0.00003618090452261307","820","820","820"
"822","0.00003597989949748744","0.00003597989949748744","0.00003597989949748744","821","821","821"
"823","0.000035778894472361815","0.000035778894472361815","0.000035778894472361815","822","822","822"
"824","0.00003557788944723618","0.00003557788944723618","0.00003557788944723618","823","823","823"
"825","0.000035376884422110554","0.000035376884422110554","0.000035376884422110554","824","824","824"
"826","0.00003517587939698493","0.00003517587939698493","0.00003517587939698493","825","825","825"
"827","0.0000349748743718593","0.0000349748743718593","0.0000349748743718593","826","826","826"
"828","0.000034773869346733667","0.000034773869346733667","0.000034773869346733667","827","827","827"
"829","0.00003457286432160804","0.00003457286432160804","0.00003457286432160804","828","828","828"
"830","0.00003437185929648241","0.00003437185929648241","0.00003437185929648241","829","829","829"
"831","0.000034170854271356785","0.000034170854271356785","0.000034170854271356785","830","830","830"
"832","0.00003396984924623116","0.00003396984924623116","0.00003396984924623116","831","831","831"
"833","0.000033768844221105525","0.000033768844221105525","0.000033768844221105525","832","832","832"
"834","0.0000335678391959799","0.0000335678391959799","0.0000335678391959799","833","833","833"
"835","0.00003336683417085427","0.00003336683417085427","0.00003336683417085427","834","834","834"
"836","0.000033165829145728643","0.000033165829145728643","0.000033165829145728643","835","835","835"
"837","0.000032964824120603016","0.000032964824120603016","0.000032964824120603016","836","836","836"
"838","0.00003276381909547739","0.00003276381909547739","0.00003276381909547739","837","837","837"
"839","0.00003256281407035176","0.00003256281407035176","0.00003256281407035176","838","838","838"
"840","0.000032361809045226135","0.000032361809045226135","0.000032361809045226135","839","839","839"
"841","0.0000321608040201005","0.0000321608040201005","0.0000321608040201005","840","840","840"
"842","0.000031959798994974875","0.000031959798994974875","0.000031959798994974875","841","841","841"
"843","0.00003175879396984925","0.00003175879396984925","0.00003175879396984925","842","842","842"
"844","0.00003155778894472362","0.00003155778894472362","0.00003155778894472362","843","843","843"
"845","0.000031356783919597993","0.000031356783919597993","0.000031356783919597993","844","844","844"
"846","0.000031155778894472366","0.000031155778894472366","0.000031155778894472366","845","845","845"
"847","0.00003095477386934674","0.00003095477386934674","0.00003095477386934674","846","846","846"
"848","0.00003075376884422111","0.00003075376884422111","0.00003075376884422111","847","847","847"
"849","0.00003055276381909548","0.00003055276381909548","0.00003055276381909548","848","848","848"
"850","0.000030351758793969855","0.000030351758793969855","0.000030351758793969855","849","849","849"
"851","0.00003015075376884422","0.00003015075376884422","0.00003015075376884422","850","850","850"
"852","0.00002994974874371859","0.00002994974874371859","0.00002994974874371859","851","851","851"
"853","0.000029748743718592964","0.000029748743718592964","0.000029748743718592964","852","852","852"
"854","0.000029547738693467337","0.000029547738693467337","0.000029547738693467337","853","853","853"
"855","0.00002934673366834171","0.00002934673366834171","0.00002934673366834171","854","854","854"
"856","0.00002914572864321608","0.00002914572864321608","0.00002914572864321608","855","855","855"
"857","0.000028944723618090452","0.000028944723618090452","0.000028944723618090452","856","856","856"
"858","0.000028743718592964825","0.000028743718592964825","0.000028743718592964825","857","857","857"
"859","0.000028542713567839198","0.000028542713567839198","0.000028542713567839198","858","858","858"
"860","0.000028341708542713568","0.000028341708542713568","0.000028341708542713568","859","859","859"
"861","0.00002814070351758794","0.00002814070351758794","0.00002814070351758794","860","860","860"
"862","0.000027939698492462314","0.000027939698492462314","0.000027939698492462314","861","861","861"
"863","0.000027738693467336686","0.000027738693467336686","0.000027738693467336686","862","862","862"
"864","0.000027537688442211056","0.000027537688442211056","0.000027537688442211056","863","863","863"
"865","0.00002733668341708543","0.00002733668341708543","0.00002733668341708543","864","864","864"
"866","0.000027135678391959802","0.000027135678391959802","0.000027135678391959802","865","865","865"
"867","0.000026934673366834175","0.000026934673366834175","0.000026934673366834175","866","866","866"
"868","0.000026733668341708545","0.000026733668341708545","0.000026733668341708545","867","867","867"
"869","0.000026532663316582917","0.000026532663316582917","0.000026532663316582917","868","868","868"
"870","0.00002633165829145729","0.00002633165829145729","0.00002633165829145729","869","869","869"
"871","0.00002613065326633166","0.00002613065326633166","0.00002613065326633166","870","870","870"
"872","0.000025929648241206033","0.000025929648241206033","0.000025929648241206033","871","871","871"
"873","0.000025728643216080406","0.000025728643216080406","0.000025728643216080406","872","872","872"
"874","0.000025527638190954772","0.000025527638190954772","0.000025527638190954772","873","873","873"
"875","0.000025326633165829145","0.000025326633165829145","0.000025326633165829145","874","874","874"
"876","0.000025125628140703518","0.000025125628140703518","0.000025125628140703518","875","875","875"
"877","0.00002492462311557789","0.00002492462311557789","0.00002492462311557789","876","876","876"
"878","0.000024723618090452264","0.000024723618090452264","0.000024723618090452264","877","877","877"
"879","0.000024522613065326637","0.000024522613065326637","0.000024522613065326637","878","878","878"
"880","0.000024321608040201007","0.000024321608040201007","0.000024321608040201007","879","879","879"
"881","0.000024120603015075376","0.000024120603015075376","0.000024120603015075376","880","880","880"
"882","0.00002391959798994975","0.00002391959798994975","0.00002391959798994975","881","881","881"
"883","0.000023718592964824122","0.000023718592964824122","0.000023718592964824122","882","882","882"
"884","0.00002351758793969849","0.00002351758793969849","0.00002351758793969849","883","883","883"
"885","0.000023316582914572865","0.000023316582914572865","0.000023316582914572865","884","884","884"
"886","0.000023115577889447238","0.000023115577889447238","0.000023115577889447238","885","885","885"
"887","0.00002291457286432161","0.00002291457286432161","0.00002291457286432161","886","886","886"
"888","0.00002271356783919598","0.00002271356783919598","0.00002271356783919598","887","887","887"
"889","0.000022512562814070353","0.000022512562814070353","0.000022512562814070353","888","888","888"
"890","0.000022311557788944726","0.000022311557788944726","0.000022311557788944726","889","889","889"
"891","0.0000221105527638191","0.0000221105527638191","0.0000221105527638191","890","890","890"
"892","0.00002190954773869347","0.00002190954773869347","0.00002190954773869347","891","891","891"
"893","0.000021708542713567838","0.000021708542713567838","0.000021708542713567838","892","892","892"
"894","0.00002150753768844221","0.00002150753768844221","0.00002150753768844221","893","893","893"
"895","0.000021306532663316584","0.000021306532663316584","0.000021306532663316584","894","894","894"
"896","0.000021105527638190957","0.000021105527638190957","0.000021105527638190957","895","895","895"
"897","0.000020904522613065327","0.000020904522613065327","0.000020904522613065327","896","896","896"
"898","0.0000207035175879397","0.0000207035175879397","0.0000207035175879397","897","897","897"
"899","0.000020502512562814073","0.000020502512562814073","0.000020502512562814073","898","898","898"
"900","0.000020301507537688446","0.000020301507537688446","0.000020301507537688446","899","899","899"
"901","0.000020100502512562815","0.000020100502512562815","0.000020100502512562815","900","900","900"
"902","0.000019899497487437188","0.000019899497487437188","0.000019899497487437188","901","901","901"
"903","0.000019698492462311558","0.000019698492462311558","0.000019698492462311558","902","902","902"
"904","0.00001949748743718593","0.00001949748743718593","0.00001949748743718593","903","903","903"
"905","0.0000192964824120603","0.0000192964824120603","0.0000192964824120603","904","904","904"
"906","0.000019095477386934673","0.000019095477386934673","0.000019095477386934673","905","905","905"
"907","0.000018894472361809046","0.000018894472361809046","0.000018894472361809046","906","906","906"
"908","0.00001869346733668342","0.00001869346733668342","0.00001869346733668342","907","907","907"
"909","0.00001849246231155779","0.00001849246231155779","0.00001849246231155779","908","908","908"
"910","0.00001829145728643216","0.00001829145728643216","0.00001829145728643216","909","909","909"
"911","0.000018090452261306535","0.000018090452261306535","0.000018090452261306535","910","910","910"
"912","0.000017889447236180908","0.000017889447236180908","0.000017889447236180908","911","911","911"
"913","0.000017688442211055277","0.000017688442211055277","0.000017688442211055277","912","912","912"
"914","0.00001748743718592965","0.00001748743718592965","0.00001748743718592965","913","913","913"
"915","0.00001728643216080402","0.00001728643216080402","0.00001728643216080402","914","914","914"
"916","0.000017085427135678393","0.000017085427135678393","0.000017085427135678393","915","915","915"
"917","0.000016884422110552762","0.000016884422110552762","0.000016884422110552762","916","916","916"
"918","0.000016683417085427135","0.000016683417085427135","0.000016683417085427135","917","917","917"
"919","0.000016482412060301508","0.000016482412060301508","0.000016482412060301508","918","918","918"
"920","0.00001628140703517588","0.00001628140703517588","0.00001628140703517588","919","919","919"
"921","0.00001608040201005025","0.00001608040201005025","0.00001608040201005025","920","920","920"
"922","0.000015879396984924624","0.000015879396984924624","0.000015879396984924624","921","921","921"
"923","0.000015678391959798997","0.000015678391959798997","0.000015678391959798997","922","922","922"
"924","0.00001547738693467337","0.00001547738693467337","0.00001547738693467337","923","923","923"
"925","0.00001527638190954774","0.00001527638190954774","0.00001527638190954774","924","924","924"
"926","0.00001507537688442211","0.00001507537688442211","0.00001507537688442211","925","925","925"
"927","0.000014874371859296482","0.000014874371859296482","0.000014874371859296482","926","926","926"
"928","0.000014673366834170855","0.000014673366834170855","0.000014673366834170855","927","927","927"
"929","0.000014472361809045226","0.000014472361809045226","0.000014472361809045226","928","928","928"
"930","0.000014271356783919599","0.000014271356783919599","0.000014271356783919599","929","929","929"
"931","0.00001407035175879397","0.00001407035175879397","0.00001407035175879397","930","930","930"
"932","0.000013869346733668343","0.000013869346733668343","0.000013869346733668343","931","931","931"
"933","0.000013668341708542715","0.000013668341708542715","0.000013668341708542715","932","932","932"
"934","0.000013467336683417087","0.000013467336683417087","0.000013467336683417087","933","933","933"
"935","0.000013266331658291459","0.000013266331658291459","0.000013266331658291459","934","934","934"
"936","0.00001306532663316583","0.00001306532663316583","0.00001306532663316583","935","935","935"
"937","0.000012864321608040203","0.000012864321608040203","0.000012864321608040203","936","936","936"
"938","0.000012663316582914573","0.000012663316582914573","0.000012663316582914573","937","937","937"
"939","0.000012462311557788946","0.000012462311557788946","0.000012462311557788946","938","938","938"
"940","0.000012261306532663318","0.000012261306532663318","0.000012261306532663318","939","939","939"
"941","0.000012060301507537688","0.000012060301507537688","0.000012060301507537688","940","940","940"
"942","0.000011859296482412061","0.000011859296482412061","0.000011859296482412061","941","941","941"
"943","0.000011658291457286432","0.000011658291457286432","0.000011658291457286432","942","942","942"
"944","0.000011457286432160805","0.000011457286432160805","0.000011457286432160805","943","943","943"
"945","0.000011256281407035177","0.000011256281407035177","0.000011256281407035177","944","944","944"
"946","0.00001105527638190955","0.00001105527638190955","0.00001105527638190955","945","945","945"
"947","0.000010854271356783919","0.000010854271356783919","0.000010854271356783919","946","946","946"
"948","0.000010653266331658292","0.000010653266331658292","0.000010653266331658292","947","947","947"
"949","0.000010452261306532663","0.000010452261306532663","0.000010452261306532663","948","948","948"
"950","0.000010251256281407036","0.000010251256281407036","0.000010251256281407036","949","949","949"
"951","0.000010050251256281408","0.000010050251256281408","0.000010050251256281408","950","950","950"
"952","0.000009849246231155779","0.000009849246231155779","0.000009849246231155779","951","951","951"
"953","0.00000964824120603015","0.00000964824120603015","0.00000964824120603015","952","952","952"
"954","0.000009447236180904523","0.000009447236180904523","0.000009447236180904523","953","953","953"
"955","0.000009246231155778894","0.000009246231155778894","0.000009246231155778894","954","954","954"
"956","0.000009045226130653267","0.000009045226130653267","0.000009045226130653267","955","955","955"
"957","0.000008844221105527639","0.000008844221105527639","0.000008844221105527639","956","956","956"
"958","0.00000864321608040201","0.00000864321608040201","0.00000864321608040201","957","957","957"
"959","0.000008442211055276381","0.000008442211055276381","0.000008442211055276381","958","958","958"
"960","0.000008241206030150754","0.000008241206030150754","0.000008241206030150754","959","959","959"
"961","0.000008040201005025125","0.000008040201005025125","0.000008040201005025125","960","960","960"
"962","0.000007839195979899498","0.000007839195979899498","0.000007839195979899498","961","961","961"
"963","0.00000763819095477387","0.00000763819095477387","0.00000763819095477387","962","962","962"
"964","0.000007437185929648241","0.000007437185929648241","0.000007437185929648241","963","963","963"
"965","0.000007236180904522613","0.000007236180904522613","0.000007236180904522613","964","964","964"
"966","0.000007035175879396985","0.000007035175879396985","0.000007035175879396985","965","965","965"
"967","0.000006834170854271357","0.000006834170854271357","0.000006834170854271357","966","966","966"
"968","0.000006633165829145729","0.000006633165829145729","0.000006633165829145729","967","967","967"
"969","0.0000064321608040201015","0.0000064321608040201015","0.0000064321608040201015","968","968","968"
"970","0.000006231155778894473","0.000006231155778894473","0.000006231155778894473","969","969","969"
"971","0.000006030150753768844","0.000006030150753768844","0.000006030150753768844","970","970","970"
"972","0.000005829145728643216","0.000005829145728643216","0.000005829145728643216","971","971","971"
"973","0.000005628140703517588","0.000005628140703517588","0.000005628140703517588","972","972","972"
"974","0.0000054271356783919595","0.0000054271356783919595","0.0000054271356783919595","973","973","973"
"975","0.000005226130653266332","0.000005226130653266332","0.000005226130653266332","974","974","974"
"976","0.000005025125628140704","0.000005025125628140704","0.000005025125628140704","975","975","975"
"977","0.000004824120603015075","0.000004824120603015075","0.000004824120603015075","976","976","976"
"978","0.000004623115577889447","0.000004623115577889447","0.000004623115577889447","977","977","977"
"979","0.000004422110552763819","0.000004422110552763819","0.000004422110552763819","978","978","978"
"980","0.0000042211055276381906","0.0000042211055276381906","0.0000042211055276381906","979","979","979"
"981","0.000004020100502512563","0.000004020100502512563","0.000004020100502512563","980","980","980"
"982","0.000003819095477386935","0.000003819095477386935","0.000003819095477386935","981","981","981"
"983","0.0000036180904522613065","0.0000036180904522613065","0.0000036180904522613065","982","982","982"
"984","0.0000034170854271356786","0.0000034170854271356786","0.0000034170854271356786","983","983","983"
"985","0.0000032160804020100507","0.0000032160804020100507","0.0000032160804020100507","984","984","984"
"986","0.000003015075376884422","0.000003015075376884422","0.000003015075376884422","985","985","985"
"987","0.000002814070351758794","0.000002814070351758794","0.000002814070351758794","986","986","986"
"988","0.000002613065326633166","0.000002613065326633166","0.000002613065326633166","987","987","987"
"989","0.0000024120603015075375","0.0000024120603015075375","0.0000024120603015075375","988","988","988"
"990","0.0000022110552763819096","0.0000022110552763819096","0.0000022110552763819096","989","989","989"
"991","0.0000020100502512562813","0.0000020100502512562813","0.0000020100502512562813","990","990","990"
"992","0.0000018090452261306533","0.0000018090452261306533","0.0000018090452261306533","991","991","991"
"993","0.0000016080402010050254","0.0000016080402010050254","0.0000016080402010050254","992","992","992"
"994","0.000001407035175879397","0.000001407035175879397","0.000001407035175879397","993","993","993"
"995","0.0000012060301507537688","0.0000012060301507537688","0.0000012060301507537688","994","994","994"
"996","0.0000010050251256281407","0.0000010050251256281407","0.0000010050251256281407","995","995","995"
"997","8.040201005025127e-7","8.040201005025127e-7","8.040201005025127e-7","996","996","996"
"998","6.030150753768844e-7","6.030150753768844e-7","6.030150753768844e-7","997","997","997"
"999","4.0201005025125634e-7","4.0201005025125634e-7","4.0201005025125634e-7","998","998","998"
"1000","2.0100502512562817e-7","2.0100502512562817e-7","2.0100502512562817e-7","999","999","999"